# t	deficit_over_x2	curv
0.005	1.187993e-01	1.299483e-01
0.005	1.634677e-01	1.368764e-01
0.005	1.606256e-01	1.301378e-01
0.005	6.109375e-02	5.135507e-02
0.005	1.394608e-01	7.657054e-02
0.005	3.145929e-02	2.880889e-02
0.005	1.211629e-01	7.215325e-02
0.005	1.051735e-01	1.141294e-01
0.005	1.209562e-01	7.754845e-02
0.005	1.415437e-01	6.180724e-02
0.005	1.438670e-01	1.292762e-01
0.005	1.387543e-01	8.737694e-02
0.005	1.278578e-01	1.392520e-01
0.005	5.992916e-02	5.578931e-02
0.005	1.077188e-01	8.371907e-02
0.005	4.477932e-02	4.411127e-02
0.005	1.380259e-01	1.194464e-01
0.005	1.151048e-01	1.210214e-01
0.005	7.760730e-02	4.609122e-02
0.005	9.169429e-02	5.423339e-02
0.005	1.176894e-01	5.294926e-02
0.005	1.030098e-01	6.019992e-02
0.005	5.499304e-02	3.328465e-02
0.005	1.499527e-01	1.165740e-01
0.005	1.630008e-01	1.171142e-01
0.005	1.528750e-01	1.370310e-01
0.005	1.465137e-01	1.378364e-01
0.005	3.070943e-02	3.023909e-02
0.005	1.502095e-01	9.194519e-02
0.005	8.475841e-02	6.287481e-02
0.005	1.568481e-01	1.417914e-01
0.005	2.110785e-01	1.673095e-01
0.005	2.009327e-01	1.531461e-01
0.005	6.261190e-02	3.567689e-02
0.005	4.782225e-02	4.386405e-02
0.005	1.280577e-01	7.548842e-02
0.005	1.757079e-01	1.716761e-01
0.005	4.306497e-02	3.746504e-02
0.005	6.342808e-02	6.290617e-02
0.005	1.438341e-01	6.285636e-02
0.005	1.337506e-01	1.307080e-01
0.005	8.759427e-02	9.195027e-02
0.005	1.133297e-01	7.122646e-02
0.005	1.114950e-01	7.950759e-02
0.005	5.884908e-02	7.234532e-02
0.005	3.306562e-02	2.916501e-02
0.005	7.720648e-02	7.221382e-02
0.005	1.716015e-01	1.473644e-01
0.005	7.312031e-02	4.248548e-02
0.005	1.102183e-01	1.142645e-01
0.005	1.805549e-01	1.242836e-01
0.005	8.475173e-02	7.210667e-02
0.005	8.758838e-02	4.760473e-02
0.005	4.463597e-02	4.085082e-02
0.005	1.397192e-01	9.002157e-02
0.005	1.794154e-01	1.741205e-01
0.005	1.859845e-01	1.709431e-01
0.005	1.147246e-01	6.671034e-02
0.005	1.020288e-01	7.567674e-02
0.005	1.511662e-01	1.219076e-01
0.005	5.302779e-02	5.078985e-02
0.005	6.380011e-02	4.832557e-02
0.005	7.915855e-02	9.037652e-02
0.005	6.584072e-02	5.814260e-02
0.005	1.127259e-01	9.093960e-02
0.005	1.517394e-01	1.114994e-01
0.005	6.189422e-02	5.402235e-02
0.005	1.127353e-01	1.087562e-01
0.005	1.757974e-01	1.295129e-01
0.005	1.781436e-01	1.251891e-01
0.005	1.033232e-01	5.682981e-02
0.005	4.060529e-02	4.217185e-02
0.005	1.110080e-01	7.922144e-02
0.005	2.937844e-02	2.318254e-02
0.005	9.284664e-02	4.604390e-02
0.005	1.419705e-01	1.088981e-01
0.005	1.308542e-01	6.439348e-02
0.005	1.312782e-01	8.231049e-02
0.005	3.605510e-02	4.204335e-02
0.005	1.409181e-01	1.054641e-01
0.005	1.890309e-01	1.674868e-01
0.005	5.682635e-02	6.509655e-02
0.005	9.723965e-02	7.033697e-02
0.005	4.843883e-02	5.570108e-02
0.005	4.874819e-02	4.867345e-02
0.005	1.308126e-01	1.409837e-01
0.005	1.284096e-01	1.264039e-01
0.005	4.810425e-02	3.455031e-02
0.005	6.345678e-02	7.065095e-02
0.005	1.539612e-01	9.917291e-02
0.005	1.335964e-01	1.329462e-01
0.005	4.123303e-02	2.909213e-02
0.005	1.132967e-01	1.077643e-01
0.005	8.222475e-02	6.267129e-02
0.005	6.296386e-02	5.620673e-02
0.005	1.571752e-01	1.240101e-01
0.005	1.321434e-01	9.784970e-02
0.005	9.403181e-02	9.212580e-02
0.005	5.749719e-02	4.529751e-02
0.005	4.015493e-02	2.699100e-02
0.005	8.369300e-02	5.990983e-02
0.005	4.529958e-02	4.820916e-02
0.005	1.171032e-01	7.081878e-02
0.005	1.549729e-01	1.484736e-01
0.005	1.913347e-01	1.763350e-01
0.005	1.239293e-01	1.262325e-01
0.005	6.845497e-02	7.590785e-02
0.005	5.912095e-02	3.874836e-02
0.005	3.930366e-02	5.398796e-02
0.005	6.266155e-02	5.430485e-02
0.005	1.043116e-01	6.678169e-02
0.005	4.684744e-02	4.843169e-02
0.005	6.488119e-02	6.985049e-02
0.005	1.061382e-01	6.674563e-02
0.005	5.566345e-02	3.038878e-02
0.005	1.790345e-01	1.664213e-01
0.005	6.217150e-02	5.966709e-02
0.005	1.702570e-01	1.615892e-01
0.005	8.104930e-02	3.596965e-02
0.005	1.574982e-01	1.370250e-01
0.005	6.380688e-02	7.437363e-02
0.005	1.473900e-01	9.468899e-02
0.005	5.447606e-02	6.287181e-02
0.005	7.235231e-02	5.826061e-02
0.005	6.244209e-02	5.842342e-02
0.005	1.062232e-01	9.643518e-02
0.005	2.620201e-02	1.715909e-02
0.005	9.814714e-02	1.004873e-01
0.005	9.362070e-02	5.808276e-02
0.005	4.928956e-02	3.506741e-02
0.005	1.809457e-01	1.611087e-01
0.005	9.865025e-02	1.103351e-01
0.005	1.545154e-01	1.253145e-01
0.005	1.747161e-01	1.635828e-01
0.005	8.192610e-02	7.704900e-02
0.005	1.773394e-01	1.752531e-01
0.005	8.068153e-02	8.393952e-02
0.005	1.110125e-01	8.424822e-02
0.005	8.474482e-02	9.470833e-02
0.005	3.588093e-02	3.622507e-02
0.005	1.379715e-01	1.051511e-01
0.005	1.873208e-01	1.719686e-01
0.005	3.925466e-02	4.165356e-02
0.005	1.278525e-01	9.476987e-02
0.005	6.211706e-02	6.186992e-02
0.005	7.202004e-02	6.982124e-02
0.005	2.167647e-01	1.752286e-01
0.005	7.864065e-02	9.449258e-02
0.005	4.601553e-02	4.856813e-02
0.005	1.860772e-01	1.325883e-01
0.005	1.614995e-01	1.449451e-01
0.005	8.967641e-02	4.544488e-02
0.005	3.548845e-02	3.296971e-02
0.005	1.007259e-01	5.148956e-02
0.005	9.945479e-02	1.026759e-01
0.005	5.723802e-02	5.862360e-02
0.005	5.943931e-02	4.451354e-02
0.005	7.921799e-02	9.006027e-02
0.005	6.356736e-02	5.901689e-02
0.005	8.006518e-02	5.563820e-02
0.005	8.566849e-02	8.578974e-02
0.005	6.218100e-02	3.826380e-02
0.005	9.364548e-02	9.403618e-02
0.005	1.179202e-01	8.751515e-02
0.005	1.350939e-01	1.181684e-01
0.005	1.601995e-01	1.132957e-01
0.005	6.007633e-02	3.633811e-02
0.005	2.943177e-02	2.664214e-02
0.005	1.856170e-01	1.461853e-01
0.005	4.696184e-02	5.471372e-02
0.005	5.800224e-02	4.683448e-02
0.005	7.555604e-02	9.184331e-02
0.005	1.458216e-01	6.380215e-02
0.005	1.639542e-01	1.573757e-01
0.005	1.410259e-01	9.581531e-02
0.005	1.089671e-01	1.214661e-01
0.005	1.787455e-01	1.542887e-01
0.005	1.126093e-01	6.593240e-02
0.005	9.877426e-02	5.178580e-02
0.005	1.125456e-01	6.382052e-02
0.005	1.666863e-01	1.285835e-01
0.005	1.089773e-01	9.868384e-02
0.005	4.955550e-02	4.078947e-02
0.005	1.387020e-01	1.382843e-01
0.005	9.850065e-02	7.766769e-02
0.005	9.866335e-02	5.734859e-02
0.005	1.114598e-01	7.452270e-02
0.005	5.971045e-02	6.093124e-02
0.005	7.028867e-02	6.563837e-02
0.005	9.162418e-02	6.824906e-02
0.005	1.096133e-01	1.069710e-01
0.005	3.180790e-02	3.151026e-02
0.005	1.337344e-01	1.285743e-01
0.005	4.396101e-02	2.769722e-02
0.005	7.487387e-02	5.469622e-02
0.005	1.850597e-01	1.681790e-01
0.005	7.770843e-02	5.626543e-02
0.005	1.274183e-01	7.460829e-02
0.005	8.259594e-02	4.900484e-02
0.005	2.054702e-01	1.528998e-01
0.005	5.123172e-02	3.382797e-02
0.005	1.201676e-01	1.152132e-01
0.005	1.342884e-01	1.396021e-01
0.005	3.126486e-02	3.435351e-02
0.005	6.261412e-02	7.260691e-02
0.005	9.331103e-02	6.748966e-02
0.005	1.049541e-01	9.584938e-02
0.005	1.505905e-01	9.589238e-02
0.005	6.788443e-02	8.213531e-02
0.005	1.525065e-01	1.446535e-01
0.005	3.245027e-02	1.830657e-02
0.005	1.215444e-01	8.774844e-02
0.005	5.709222e-02	4.597129e-02
0.005	9.238201e-02	6.621489e-02
0.005	1.377393e-01	5.389769e-02
0.005	1.420719e-01	1.304538e-01
0.005	1.542753e-01	1.308580e-01
0.005	1.543311e-01	1.000280e-01
0.005	1.327632e-01	1.024202e-01
0.005	6.546857e-02	3.167817e-02
0.005	2.944895e-02	1.034124e-02
0.005	1.128553e-01	1.087716e-01
0.005	7.060418e-02	6.549312e-02
0.005	1.567424e-01	1.123659e-01
0.005	3.440837e-02	3.694169e-02
0.005	1.529908e-01	1.117946e-01
0.005	9.319629e-02	8.083510e-02
0.005	1.738980e-01	1.317133e-01
0.005	6.817759e-02	8.422805e-02
0.005	6.121587e-02	7.068544e-02
0.005	2.012756e-01	1.557387e-01
0.005	1.541946e-01	1.568724e-01
0.005	5.940008e-02	5.474331e-02
0.005	1.660625e-01	1.697024e-01
0.005	1.702587e-01	1.700158e-01
0.005	1.153979e-01	7.270034e-02
0.005	7.535957e-02	8.370918e-02
0.005	3.219393e-02	2.025100e-02
0.005	9.050072e-02	9.212549e-02
0.005	1.021954e-01	1.155524e-01
0.005	2.904759e-02	2.233964e-02
0.005	3.769915e-02	3.330094e-02
0.005	5.997044e-02	4.126895e-02
0.005	3.541950e-02	1.719985e-02
0.005	1.384780e-01	5.832653e-02
0.005	1.969614e-01	1.819547e-01
0.005	4.325058e-02	3.037405e-02
0.005	1.007823e-01	7.938048e-02
0.005	1.328071e-01	8.838217e-02
0.005	5.435161e-02	5.503650e-02
0.005	3.879816e-02	2.153957e-02
0.005	1.020638e-01	6.976882e-02
0.005	3.315500e-02	2.705370e-02
0.005	1.836674e-01	1.462316e-01
0.005	8.204171e-02	7.251875e-02
0.005	5.647380e-02	6.954596e-02
0.005	5.794716e-02	6.227081e-02
0.005	4.084494e-02	3.078826e-02
0.005	7.523101e-02	4.140457e-02
0.005	9.404185e-02	4.409265e-02
0.005	1.080739e-01	9.174020e-02
0.005	4.884401e-02	4.827594e-02
0.005	6.934847e-02	5.883853e-02
0.005	1.527962e-01	1.173757e-01
0.005	7.004624e-02	6.154154e-02
0.005	9.397822e-02	5.132707e-02
0.005	7.140338e-02	6.909925e-02
0.005	1.439054e-01	1.458888e-01
0.005	1.374555e-01	1.218976e-01
0.005	2.054588e-02	2.103300e-02
0.005	2.016282e-01	1.721962e-01
0.005	1.029112e-01	6.045603e-02
0.005	1.683087e-01	1.260005e-01
0.005	1.565884e-01	1.345143e-01
0.005	1.319340e-01	1.309282e-01
0.005	1.997708e-01	1.633673e-01
0.005	1.109515e-01	7.396495e-02
0.005	1.636335e-01	1.093964e-01
0.005	4.641850e-02	3.424591e-02
0.005	4.321524e-02	3.419514e-02
0.005	8.094190e-02	3.618510e-02
0.005	5.233008e-02	5.614095e-02
0.005	3.916652e-02	3.006717e-02
0.005	2.633054e-02	2.283134e-02
0.005	3.817386e-02	4.323288e-02
0.005	1.447394e-01	9.072910e-02
0.005	1.474382e-01	1.412800e-01
0.005	2.785677e-02	4.475661e-02
0.005	3.454467e-02	2.382497e-02
0.005	8.340007e-02	9.702945e-02
0.005	3.509246e-02	3.064791e-02
0.005	6.215428e-02	5.977647e-02
0.005	1.758515e-01	1.658051e-01
0.005	7.362581e-02	5.609646e-02
0.005	1.985276e-01	1.635031e-01
0.005	1.699165e-01	1.493379e-01
0.005	5.041526e-02	4.226132e-02
0.005	7.935497e-02	6.312398e-02
0.005	1.790707e-01	1.644749e-01
0.005	1.382642e-01	1.284662e-01
0.005	9.985418e-02	1.099190e-01
0.005	1.695650e-01	1.651641e-01
0.005	1.559440e-01	1.044653e-01
0.005	1.965641e-01	1.762708e-01
0.005	1.908896e-01	1.652699e-01
0.005	2.905754e-02	4.210016e-02
0.005	1.623532e-01	1.116956e-01
0.005	2.334186e-02	3.301736e-02
0.005	1.328148e-01	1.289493e-01
0.005	1.056885e-01	5.723975e-02
0.005	1.960891e-01	1.747177e-01
0.005	1.349935e-01	7.464604e-02
0.005	6.301827e-02	6.880588e-02
0.005	1.398210e-01	1.118119e-01
0.005	3.145859e-02	3.835627e-02
0.005	8.742082e-02	9.964968e-02
0.005	2.120926e-01	1.769399e-01
0.005	1.324977e-01	6.804852e-02
0.005	1.293205e-01	1.343979e-01
0.005	9.498620e-02	5.022696e-02
0.005	1.337793e-01	6.112504e-02
0.005	1.626229e-01	1.358908e-01
0.005	1.644310e-01	1.398903e-01
0.005	7.443898e-02	7.736522e-02
0.005	2.120544e-01	1.767874e-01
0.005	1.694842e-01	1.420036e-01
0.005	1.368536e-01	6.686670e-02
0.005	9.294756e-02	1.077419e-01
0.005	7.071352e-02	4.358561e-02
0.005	1.481979e-01	9.851471e-02
0.005	1.927748e-01	1.400436e-01
0.005	7.524446e-02	8.530529e-02
0.005	3.432351e-02	3.142459e-02
0.005	4.705927e-02	5.171756e-02
0.005	4.142885e-02	3.140049e-02
0.005	1.252630e-01	7.490840e-02
0.005	9.831412e-02	9.168450e-02
0.005	1.309929e-01	9.139301e-02
0.005	2.921372e-02	1.447715e-02
0.005	3.259249e-02	3.337479e-02
0.005	1.588024e-01	1.595657e-01
0.005	1.450931e-01	5.910286e-02
0.005	1.662477e-01	1.581888e-01
0.005	2.567146e-02	1.613612e-02
0.005	2.937996e-02	2.105326e-02
0.005	1.609569e-01	1.302957e-01
0.005	1.512515e-01	1.059681e-01
0.005	8.921032e-02	5.920740e-02
0.005	8.641078e-02	5.833092e-02
0.005	3.140048e-02	3.118679e-02
0.005	6.405661e-02	6.145819e-02
0.005	1.396509e-01	8.954284e-02
0.005	7.366707e-02	3.741425e-02
0.005	1.411060e-01	6.137013e-02
0.005	5.655514e-02	6.675388e-02
0.005	5.936642e-02	6.099092e-02
0.005	9.101287e-02	8.362893e-02
0.005	1.044074e-01	4.946374e-02
0.005	2.170719e-01	1.780472e-01
0.005	7.431383e-02	6.406060e-02
0.005	1.321766e-01	7.462210e-02
0.005	1.466728e-01	8.606255e-02
0.005	3.251069e-02	1.881760e-02
0.005	1.090527e-01	1.022264e-01
0.005	3.149030e-02	2.745233e-02
0.005	8.762676e-02	9.078576e-02
0.005	1.607041e-01	1.648465e-01
0.005	6.073193e-02	5.824309e-02
0.005	1.757911e-01	1.639987e-01
0.005	1.660993e-01	1.444430e-01
0.005	1.329192e-01	1.332197e-01
0.005	1.709294e-01	1.414094e-01
0.005	1.332721e-01	9.013609e-02
0.005	5.182793e-02	3.930324e-02
0.005	1.247165e-01	1.315450e-01
0.005	1.265415e-01	1.329262e-01
0.005	1.161626e-01	1.154343e-01
0.005	3.569706e-02	3.609217e-02
0.005	1.875454e-01	1.758112e-01
0.005	1.313427e-01	6.584269e-02
0.005	1.311429e-01	5.425687e-02
0.005	1.085507e-01	8.536759e-02
0.005	2.113298e-01	1.815570e-01
0.005	9.063390e-02	4.063775e-02
0.005	1.301645e-01	1.364534e-01
0.005	1.777349e-01	1.241897e-01
0.005	7.482963e-02	5.550614e-02
0.005	5.800037e-02	4.537107e-02
0.005	1.467183e-01	1.126920e-01
0.005	4.995063e-02	4.592780e-02
0.005	1.158815e-01	9.887213e-02
0.005	5.773303e-02	5.601251e-02
0.005	7.260357e-02	6.442653e-02
0.005	1.458058e-01	9.762023e-02
0.005	3.520646e-02	3.625702e-02
0.005	3.527244e-02	4.082757e-02
0.005	6.212106e-02	5.914262e-02
0.005	9.250655e-02	8.893474e-02
0.005	8.216355e-02	9.484509e-02
0.005	2.441085e-02	8.347181e-03
0.01	1.446691e-01	1.211848e-01
0.01	9.255923e-02	8.502626e-02
0.01	6.846876e-02	8.124060e-02
0.01	7.582694e-02	3.377657e-02
0.01	5.634629e-02	4.582058e-02
0.01	4.529704e-02	4.464489e-02
0.01	1.711240e-01	1.140746e-01
0.01	7.643856e-02	7.363862e-02
0.01	1.392503e-01	1.431086e-01
0.01	1.109544e-01	8.021417e-02
0.01	1.436330e-01	1.267859e-01
0.01	2.496167e-02	1.243828e-02
0.01	8.004141e-02	9.108404e-02
0.01	4.652757e-02	5.139536e-02
0.01	2.113879e-01	1.617709e-01
0.01	1.178132e-01	8.374833e-02
0.01	4.973795e-02	5.563898e-02
0.01	1.336127e-01	6.744897e-02
0.01	1.733263e-01	1.395735e-01
0.01	1.833513e-01	1.418098e-01
0.01	4.454930e-02	2.705952e-02
0.01	3.274608e-02	2.705184e-02
0.01	1.395120e-01	6.365357e-02
0.01	1.149114e-01	6.625903e-02
0.01	1.740756e-01	1.493930e-01
0.01	1.397134e-01	1.146306e-01
0.01	1.614694e-01	1.428853e-01
0.01	6.404360e-02	4.771217e-02
0.01	9.116441e-02	4.087545e-02
0.01	4.173372e-02	4.116494e-02
0.01	8.348633e-02	7.981795e-02
0.01	1.496270e-01	1.099816e-01
0.01	1.174347e-01	9.957550e-02
0.01	1.757799e-01	1.549161e-01
0.01	1.044883e-01	1.183698e-01
0.01	1.180150e-01	1.072053e-01
0.01	3.022557e-02	2.945355e-02
0.01	6.520069e-02	6.437086e-02
0.01	1.391434e-01	8.689589e-02
0.01	4.171198e-02	2.204644e-02
0.01	1.324607e-01	1.001346e-01
0.01	4.435778e-02	5.515788e-02
0.01	1.592509e-01	1.417746e-01
0.01	7.131601e-02	3.512967e-02
0.01	6.398236e-02	6.741965e-02
0.01	3.645787e-02	3.483680e-02
0.01	1.500232e-01	8.834031e-02
0.01	1.453436e-01	9.070980e-02
0.01	5.912510e-02	6.200266e-02
0.01	1.533799e-01	1.173141e-01
0.01	4.994832e-02	2.294913e-02
0.01	2.040234e-01	1.821324e-01
0.01	5.545709e-02	4.970466e-02
0.01	6.265021e-02	6.396401e-02
0.01	9.412849e-02	6.483853e-02
0.01	1.101229e-01	5.588999e-02
0.01	8.296590e-02	7.139662e-02
0.01	1.993976e-02	2.494367e-02
0.01	7.589895e-02	6.692043e-02
0.01	1.251039e-01	8.670017e-02
0.01	2.734638e-02	1.244850e-02
0.01	5.794377e-02	3.515506e-02
0.01	2.860704e-02	2.221066e-02
0.01	1.219017e-01	6.428440e-02
0.01	5.625629e-02	4.795254e-02
0.01	6.209930e-02	2.600990e-02
0.01	1.214154e-01	7.042681e-02
0.01	1.988246e-01	1.761393e-01
0.01	4.890983e-02	3.090471e-02
0.01	7.527939e-02	7.434424e-02
0.01	1.022074e-01	6.106596e-02
0.01	8.562718e-02	5.656359e-02
0.01	1.010691e-01	6.902359e-02
0.01	1.747433e-01	1.735327e-01
0.01	1.171553e-01	9.581414e-02
0.01	1.378046e-01	7.117660e-02
0.01	1.137590e-01	9.864940e-02
0.01	1.017702e-01	8.676694e-02
0.01	1.278715e-01	7.406082e-02
0.01	8.585586e-02	4.262068e-02
0.01	1.490105e-01	9.065491e-02
0.01	2.791168e-02	2.573906e-02
0.01	5.427252e-02	4.898276e-02
0.01	1.450175e-01	1.550065e-01
0.01	7.076954e-02	7.534130e-02
0.01	1.028606e-01	8.933784e-02
0.01	1.239495e-01	6.540046e-02
0.01	7.875869e-02	7.021115e-02
0.01	8.546922e-02	4.824056e-02
0.01	9.693440e-02	6.376521e-02
0.01	2.450570e-02	4.018363e-02
0.01	6.188336e-02	5.583311e-02
0.01	6.809607e-02	3.405175e-02
0.01	1.868453e-01	1.529971e-01
0.01	7.039401e-02	6.575651e-02
0.01	5.016045e-02	3.802540e-02
0.01	2.027493e-01	1.730238e-01
0.01	6.167069e-02	3.142506e-02
0.01	7.348554e-02	7.062235e-02
0.01	1.835444e-01	1.645992e-01
0.01	1.412863e-01	6.888461e-02
0.01	9.413133e-02	6.718201e-02
0.01	1.080832e-01	1.231491e-01
0.01	1.412191e-01	8.558310e-02
0.01	4.964303e-02	5.167423e-02
0.01	1.366767e-01	9.564848e-02
0.01	1.282215e-01	6.106960e-02
0.01	6.846877e-02	6.830913e-02
0.01	3.493591e-02	2.724194e-02
0.01	9.529703e-02	6.059965e-02
0.01	3.798052e-02	2.608077e-02
0.01	1.032697e-01	9.092759e-02
0.01	8.352052e-02	6.512994e-02
0.01	1.164336e-01	6.608145e-02
0.01	1.087973e-01	7.572984e-02
0.01	6.371123e-02	6.695543e-02
0.01	6.436891e-02	4.816485e-02
0.01	1.452716e-01	1.218189e-01
0.01	1.087987e-01	7.047677e-02
0.01	8.581291e-02	6.715543e-02
0.01	1.583545e-01	1.220541e-01
0.01	1.808236e-01	1.451432e-01
0.01	6.062586e-02	6.255926e-02
0.01	5.155976e-02	4.389076e-02
0.01	1.525763e-01	1.312464e-01
0.01	1.352819e-01	1.453650e-01
0.01	4.436235e-02	4.271371e-02
0.01	1.269120e-01	1.118738e-01
0.01	1.805068e-01	1.626109e-01
0.01	1.873185e-01	1.322762e-01
0.01	1.040604e-01	9.985839e-02
0.01	1.577881e-01	1.625961e-01
0.01	2.016493e-02	1.845906e-02
0.01	2.396679e-02	1.238369e-02
0.01	1.760065e-01	1.355993e-01
0.01	1.547148e-01	1.389811e-01
0.01	1.340096e-01	1.209725e-01
0.01	4.845342e-02	5.929905e-02
0.01	5.504236e-02	2.805910e-02
0.01	1.406866e-01	1.501382e-01
0.01	1.435576e-01	8.700868e-02
0.01	3.351528e-02	2.919129e-02
0.01	1.865530e-01	1.737350e-01
0.01	1.481455e-01	1.061460e-01
0.01	1.210830e-01	5.658780e-02
0.01	5.045981e-02	4.605618e-02
0.01	2.160408e-02	2.803378e-02
0.01	1.887171e-01	1.525613e-01
0.01	1.756456e-01	1.261783e-01
0.01	1.861038e-01	1.599635e-01
0.01	1.791075e-01	1.552632e-01
0.01	1.035254e-01	7.735881e-02
0.01	4.247179e-02	3.524740e-02
0.01	1.844266e-01	1.763379e-01
0.01	1.513463e-01	9.660022e-02
0.01	4.459547e-02	4.419561e-02
0.01	1.191571e-01	8.143187e-02
0.01	8.578595e-02	9.384156e-02
0.01	1.977158e-01	1.675689e-01
0.01	1.104276e-01	6.890203e-02
0.01	1.421625e-01	6.614164e-02
0.01	3.689554e-02	2.595027e-02
0.01	1.217843e-01	7.713992e-02
0.01	1.316442e-01	8.039331e-02
0.01	5.888551e-02	5.893469e-02
0.01	5.251474e-02	3.546857e-02
0.01	3.055032e-02	2.619183e-02
0.01	1.828696e-01	1.585954e-01
0.01	8.129883e-02	9.059662e-02
0.01	1.396227e-01	6.706045e-02
0.01	1.180687e-01	7.747390e-02
0.01	1.799757e-01	1.271031e-01
0.01	1.122396e-01	1.177802e-01
0.01	1.205241e-01	5.334402e-02
0.01	4.617254e-02	4.827924e-02
0.01	1.116214e-01	1.188597e-01
0.01	9.825159e-02	6.428541e-02
0.01	1.731431e-01	1.483211e-01
0.01	7.942249e-02	7.766207e-02
0.01	1.879673e-01	1.593470e-01
0.01	3.752428e-02	3.823524e-02
0.01	9.006425e-02	8.634730e-02
0.01	1.348732e-01	1.208687e-01
0.01	9.302494e-02	9.741318e-02
0.01	1.947528e-01	1.710388e-01
0.01	8.768876e-02	4.603285e-02
0.01	2.543606e-02	2.307402e-02
0.01	5.554683e-02	3.911023e-02
0.01	2.941742e-02	2.556177e-02
0.01	6.615050e-02	5.312295e-02
0.01	1.032116e-01	7.353286e-02
0.01	1.052339e-01	4.521252e-02
0.01	1.174139e-01	6.646609e-02
0.01	4.527057e-02	5.762969e-02
0.01	3.171929e-02	2.670407e-02
0.01	1.147728e-01	1.212009e-01
0.01	8.402575e-02	6.705206e-02
0.01	2.237301e-02	2.155016e-02
0.01	1.713516e-01	1.293092e-01
0.01	2.020825e-01	1.802765e-01
0.01	7.654229e-02	6.018801e-02
0.01	5.543693e-02	6.795617e-02
0.01	1.303777e-01	9.430268e-02
0.01	1.794249e-01	1.401078e-01
0.01	1.599882e-01	1.126132e-01
0.01	1.701772e-01	1.220003e-01
0.01	6.362037e-02	4.705757e-02
0.01	1.336085e-01	1.436105e-01
0.01	1.484659e-01	9.636537e-02
0.01	5.044090e-02	3.581973e-02
0.01	3.878953e-02	4.481593e-02
0.01	1.451078e-01	1.351943e-01
0.01	4.399222e-02	4.423554e-02
0.01	3.139410e-02	3.706851e-02
0.01	2.974252e-02	2.501463e-02
0.01	9.022185e-02	6.527157e-02
0.01	1.201692e-01	1.298474e-01
0.01	3.303324e-02	2.534832e-02
0.01	6.465218e-02	6.710481e-02
0.01	1.412002e-01	1.346686e-01
0.01	1.358291e-01	1.148820e-01
0.01	1.015078e-01	6.279448e-02
0.01	4.474247e-02	4.467501e-02
0.01	7.576018e-02	4.536241e-02
0.01	9.073184e-02	8.527380e-02
0.01	1.426489e-01	1.032065e-01
0.01	9.077374e-02	1.036141e-01
0.01	4.864031e-02	4.140183e-02
0.01	4.998065e-02	4.629779e-02
0.01	2.466832e-02	3.341050e-02
0.01	8.768313e-02	8.836555e-02
0.01	1.038733e-01	5.900900e-02
0.01	1.911352e-01	1.701219e-01
0.01	1.396121e-01	8.108170e-02
0.01	8.800711e-02	8.255154e-02
0.01	6.151091e-02	5.762154e-02
0.01	6.731433e-02	6.028838e-02
0.01	1.126889e-01	6.204677e-02
0.01	5.392655e-02	4.190035e-02
0.01	1.291268e-01	8.018023e-02
0.01	5.843694e-02	5.732781e-02
0.01	1.458873e-01	1.460136e-01
0.01	1.015878e-01	7.066540e-02
0.01	2.045555e-01	1.732795e-01
0.01	1.764308e-01	1.220797e-01
0.01	1.470645e-01	1.416174e-01
0.01	1.952851e-01	1.789806e-01
0.01	5.785510e-02	5.980704e-02
0.01	8.972544e-02	6.649596e-02
0.01	1.418465e-01	1.236134e-01
0.01	6.677794e-02	8.049841e-02
0.01	1.512996e-01	1.137948e-01
0.01	1.225123e-01	6.598790e-02
0.01	9.316890e-02	6.375588e-02
0.01	1.577430e-01	1.003835e-01
0.01	1.048481e-01	1.170473e-01
0.01	1.706308e-01	1.597542e-01
0.01	1.897913e-01	1.337530e-01
0.01	8.423332e-02	4.827354e-02
0.01	4.068286e-02	4.326435e-02
0.01	1.348799e-01	8.096878e-02
0.01	1.488532e-01	1.044295e-01
0.01	4.908520e-02	4.900698e-02
0.01	6.604823e-02	6.289495e-02
0.01	1.423698e-01	8.166332e-02
0.01	1.433962e-01	9.429071e-02
0.01	1.488376e-01	7.866846e-02
0.01	3.632017e-02	3.161586e-02
0.01	1.157013e-01	5.927137e-02
0.01	1.415675e-01	1.079202e-01
0.01	1.019574e-01	8.703311e-02
0.01	5.408109e-02	5.799740e-02
0.01	3.705836e-02	2.353102e-02
0.01	1.683470e-01	1.587339e-01
0.01	1.450591e-01	1.491433e-01
0.01	1.038776e-01	6.075478e-02
0.01	5.314870e-02	4.051129e-02
0.01	1.219695e-01	1.177449e-01
0.01	1.401850e-01	6.411186e-02
0.01	5.980345e-02	5.616317e-02
0.01	7.519961e-02	5.811607e-02
0.01	2.357364e-02	2.206677e-02
0.01	3.069569e-02	2.998055e-02
0.01	1.295695e-01	9.757848e-02
0.01	8.301936e-02	7.363364e-02
0.01	1.167814e-01	8.580908e-02
0.01	1.001160e-01	5.923312e-02
0.01	1.115227e-01	9.498797e-02
0.01	9.197225e-02	9.258175e-02
0.01	3.794964e-02	2.562433e-02
0.01	3.862262e-02	4.910992e-02
0.01	3.588152e-02	4.383408e-02
0.01	1.334605e-01	1.410473e-01
0.01	8.434694e-02	4.550506e-02
0.01	1.556523e-01	1.038220e-01
0.01	1.781438e-01	1.716102e-01
0.01	1.245328e-01	7.083964e-02
0.01	5.200201e-02	5.484455e-02
0.01	2.740051e-02	2.592136e-02
0.01	1.815971e-01	1.532683e-01
0.01	4.015070e-02	4.305899e-02
0.01	4.176188e-02	2.608660e-02
0.01	7.146234e-02	3.315717e-02
0.01	1.832020e-01	1.284254e-01
0.01	1.667968e-01	1.640906e-01
0.01	2.819245e-02	2.071016e-02
0.01	1.380006e-01	1.259391e-01
0.01	1.593201e-01	1.285405e-01
0.01	2.207990e-02	1.090600e-02
0.01	5.780893e-02	5.665825e-02
0.01	7.092751e-02	3.729712e-02
0.01	5.085307e-02	5.537053e-02
0.01	1.340488e-01	7.807494e-02
0.01	1.311153e-01	7.297380e-02
0.01	1.812186e-01	1.296589e-01
0.01	1.942876e-01	1.412632e-01
0.01	1.926044e-01	1.438063e-01
0.01	1.760531e-01	1.659832e-01
0.01	9.911573e-02	8.278759e-02
0.01	2.575742e-02	1.554607e-02
0.01	8.316917e-02	7.483228e-02
0.01	9.217458e-02	8.281682e-02
0.01	4.657517e-02	3.770153e-02
0.01	1.269270e-01	6.310346e-02
0.01	9.035439e-02	5.273617e-02
0.01	5.256317e-02	5.846524e-02
0.01	1.458526e-01	8.967136e-02
0.01	1.416311e-01	1.523800e-01
0.01	8.538897e-02	5.344065e-02
0.01	5.712772e-02	5.776236e-02
0.01	6.900387e-02	6.098893e-02
0.01	9.170456e-02	7.823939e-02
0.01	1.363313e-01	7.241527e-02
0.01	1.786590e-01	1.266719e-01
0.01	5.663021e-02	7.176723e-02
0.01	7.121097e-02	6.265635e-02
0.01	1.028765e-01	1.153070e-01
0.01	1.143875e-01	4.957812e-02
0.01	1.602774e-01	1.187401e-01
0.01	1.508752e-01	9.572342e-02
0.01	7.963572e-02	4.947221e-02
0.01	1.436469e-01	6.013995e-02
0.01	1.180540e-01	8.121484e-02
0.01	1.454699e-01	1.117283e-01
0.01	1.515542e-01	1.286625e-01
0.01	1.489015e-01	1.286413e-01
0.01	1.188230e-01	9.570689e-02
0.01	1.126187e-01	1.252649e-01
0.01	1.271763e-01	8.234508e-02
0.01	1.796450e-01	1.647466e-01
0.01	1.579904e-01	1.381898e-01
0.01	1.260923e-01	1.360502e-01
0.01	1.059522e-01	6.908461e-02
0.01	1.167442e-01	1.051669e-01
0.01	1.119049e-01	6.086730e-02
0.01	2.076003e-01	1.818460e-01
0.01	1.324754e-01	5.600762e-02
0.01	1.269728e-01	1.155620e-01
0.01	3.272027e-02	3.400741e-02
0.01	7.699141e-02	4.540215e-02
0.01	1.341370e-01	1.238391e-01
0.01	1.266728e-01	1.321548e-01
0.01	8.133140e-02	4.059252e-02
0.01	8.847557e-02	4.813558e-02
0.01	1.129664e-01	9.117250e-02
0.01	1.239275e-01	6.438420e-02
0.01	1.434585e-01	1.199730e-01
0.01	1.098602e-01	1.073110e-01
0.01	1.873027e-01	1.485745e-01
0.01	3.870921e-02	3.493188e-02
0.01	3.020467e-02	2.032844e-02
0.01	2.029693e-01	1.511033e-01
0.01	1.125241e-01	1.056464e-01
0.01	4.937594e-02	2.341854e-02
0.01	1.150780e-01	1.152527e-01
0.01	4.279608e-02	4.885244e-02
0.01	1.247466e-01	1.282253e-01
0.01	7.096911e-02	4.357222e-02
0.01	1.413488e-01	1.453627e-01
0.01	2.028168e-02	2.989713e-02
0.01	7.250447e-02	6.329582e-02
0.01	1.189662e-01	1.155485e-01
0.01	1.561641e-01	1.438336e-01
0.01	3.015469e-02	4.091423e-02
0.01	9.876669e-02	4.640080e-02
0.01	7.971320e-02	4.830372e-02
0.01	1.286068e-01	1.298499e-01
0.01	6.331688e-02	5.338409e-02
0.01	6.480710e-02	5.053541e-02
0.01	8.684288e-02	6.071099e-02
0.01	2.051159e-01	1.550516e-01
0.01	7.749353e-02	8.597341e-02
0.01	1.205320e-01	7.642186e-02
0.01	7.893313e-02	8.176380e-02
0.01	2.007299e-01	1.691667e-01
0.01	7.430879e-02	8.234393e-02
0.01	1.186980e-01	7.564250e-02
0.01	1.312295e-01	8.621681e-02
0.01	9.052103e-02	9.355269e-02
0.01	1.035741e-01	1.019704e-01
0.02	1.606706e-01	1.671654e-01
0.02	8.986559e-02	7.972966e-02
0.02	1.307797e-01	1.115590e-01
0.02	2.709430e-02	2.265583e-02
0.02	8.806254e-02	9.552431e-02
0.02	7.888899e-02	5.879248e-02
0.02	7.143850e-02	5.384246e-02
0.02	7.380742e-02	6.400451e-02
0.02	1.170578e-01	9.379078e-02
0.02	6.288577e-02	6.901834e-02
0.02	5.502014e-02	3.508839e-02
0.02	9.201554e-02	9.245392e-02
0.02	7.169543e-02	6.134333e-02
0.02	3.652983e-02	4.361682e-02
0.02	1.954548e-01	1.743965e-01
0.02	1.875937e-01	1.686129e-01
0.02	7.609720e-02	3.630359e-02
0.02	1.165611e-01	5.761258e-02
0.02	9.053789e-02	5.037690e-02
0.02	1.176161e-01	1.078346e-01
0.02	8.096634e-02	9.043646e-02
0.02	2.203261e-02	2.806767e-02
0.02	1.572126e-01	1.077181e-01
0.02	1.215521e-01	5.277387e-02
0.02	3.016776e-02	2.695979e-02
0.02	2.557122e-02	1.393825e-02
0.02	5.154898e-02	5.691729e-02
0.02	1.286617e-01	1.254144e-01
0.02	1.195367e-01	5.071158e-02
0.02	6.996303e-02	6.321958e-02
0.02	1.125717e-01	5.320872e-02
0.02	1.925557e-01	1.752778e-01
0.02	1.369957e-01	1.010386e-01
0.02	1.864740e-01	1.585914e-01
0.02	9.287640e-02	7.536042e-02
0.02	1.921802e-01	1.739842e-01
0.02	7.252486e-02	5.983619e-02
0.02	1.008802e-01	1.074271e-01
0.02	5.384155e-02	6.042236e-02
0.02	2.696025e-02	1.623189e-02
0.02	9.158891e-02	3.937310e-02
0.02	1.235937e-01	1.038185e-01
0.02	7.692856e-02	4.452424e-02
0.02	1.162655e-01	5.440311e-02
0.02	4.099139e-02	1.934967e-02
0.02	1.326176e-01	1.225042e-01
0.02	3.363091e-02	2.874994e-02
0.02	7.760548e-02	8.320588e-02
0.02	1.076917e-01	1.229835e-01
0.02	1.486431e-01	9.285035e-02
0.02	8.802418e-02	5.791000e-02
0.02	8.377353e-02	5.910658e-02
0.02	5.821076e-02	5.610819e-02
0.02	1.389276e-01	9.585109e-02
0.02	1.047403e-01	5.348525e-02
0.02	2.371127e-02	6.718156e-03
0.02	1.612519e-01	1.609373e-01
0.02	9.193481e-02	6.817254e-02
0.02	1.211019e-01	1.166569e-01
0.02	6.703482e-02	5.821749e-02
0.02	1.201684e-01	1.296849e-01
0.02	2.808303e-02	1.317096e-02
0.02	5.254031e-02	3.744837e-02
0.02	4.037570e-02	4.906668e-02
0.02	5.421619e-02	5.017644e-02
0.02	1.534719e-01	1.001681e-01
0.02	1.403056e-01	1.029930e-01
0.02	6.896592e-02	5.458263e-02
0.02	1.611686e-01	1.539230e-01
0.02	1.570780e-01	1.596635e-01
0.02	1.191737e-01	5.739959e-02
0.02	1.344690e-01	8.901966e-02
0.02	5.880537e-02	6.114808e-02
0.02	1.242607e-01	1.235132e-01
0.02	1.307754e-01	8.438972e-02
0.02	1.328985e-01	1.329275e-01
0.02	4.395219e-02	4.169439e-02
0.02	7.074799e-02	8.001458e-02
0.02	1.583769e-01	1.053790e-01
0.02	7.788869e-02	4.501841e-02
0.02	6.028459e-02	5.151598e-02
0.02	1.498038e-01	1.028715e-01
0.02	4.740624e-02	4.386771e-02
0.02	1.520037e-01	1.041699e-01
0.02	1.054603e-01	9.354109e-02
0.02	1.477732e-01	1.195616e-01
0.02	4.077583e-02	5.008644e-02
0.02	4.455846e-02	4.924689e-02
0.02	1.227628e-01	8.952701e-02
0.02	1.282182e-01	5.481693e-02
0.02	1.210574e-01	1.097571e-01
0.02	5.820860e-02	5.287047e-02
0.02	7.968416e-02	7.243112e-02
0.02	1.444597e-01	1.126078e-01
0.02	5.468204e-02	5.874071e-02
0.02	2.637164e-02	2.714492e-02
0.02	1.438634e-01	1.412038e-01
0.02	6.225209e-02	6.501025e-02
0.02	1.714745e-01	1.450728e-01
0.02	6.975866e-02	5.028167e-02
0.02	1.234777e-01	1.029165e-01
0.02	3.053470e-02	1.982953e-02
0.02	1.582430e-01	1.624614e-01
0.02	1.244287e-01	7.775462e-02
0.02	1.593295e-01	1.659078e-01
0.02	1.069018e-01	1.066879e-01
0.02	1.740604e-01	1.215656e-01
0.02	3.904846e-02	3.977213e-02
0.02	8.351746e-02	5.985606e-02
0.02	4.377880e-02	2.839214e-02
0.02	1.483001e-01	1.129799e-01
0.02	1.182449e-01	1.173932e-01
0.02	1.262433e-01	7.164581e-02
0.02	1.507942e-01	1.286928e-01
0.02	1.432969e-01	1.178573e-01
0.02	1.532082e-01	1.151588e-01
0.02	1.035929e-01	1.191277e-01
0.02	1.657626e-01	1.436187e-01
0.02	1.063634e-01	8.379250e-02
0.02	8.456867e-02	6.994501e-02
0.02	9.468722e-02	7.953767e-02
0.02	7.130132e-02	6.309890e-02
0.02	7.675049e-02	6.202108e-02
0.02	7.361385e-02	7.718820e-02
0.02	7.040962e-02	3.491546e-02
0.02	3.156167e-02	1.648604e-02
0.02	6.325009e-02	6.259787e-02
0.02	1.486340e-01	1.002740e-01
0.02	9.281117e-02	6.908307e-02
0.02	3.317894e-02	3.119587e-02
0.02	1.517624e-01	9.423830e-02
0.02	1.505425e-01	1.014507e-01
0.02	1.381551e-01	1.471250e-01
0.02	1.020792e-01	9.213728e-02
0.02	1.343735e-01	8.989091e-02
0.02	6.809932e-02	8.260627e-02
0.02	4.385989e-02	4.140960e-02
0.02	9.411588e-02	6.716651e-02
0.02	1.482530e-01	9.223250e-02
0.02	1.131443e-01	1.246891e-01
0.02	4.346289e-02	3.951996e-02
0.02	9.219553e-02	7.008242e-02
0.02	7.889428e-02	4.441851e-02
0.02	6.067388e-02	4.961474e-02
0.02	8.725943e-02	9.955381e-02
0.02	1.555899e-01	1.109141e-01
0.02	1.674286e-01	1.679861e-01
0.02	1.122294e-01	6.495062e-02
0.02	8.391467e-02	3.908368e-02
0.02	6.858313e-02	7.124740e-02
0.02	1.204274e-01	1.335941e-01
0.02	1.728047e-01	1.305082e-01
0.02	1.407408e-01	1.054998e-01
0.02	1.262649e-01	1.212886e-01
0.02	1.514681e-01	1.020164e-01
0.02	1.026334e-01	9.780567e-02
0.02	1.928938e-01	1.748245e-01
0.02	5.142098e-02	2.433174e-02
0.02	5.056421e-02	6.206138e-02
0.02	1.837789e-01	1.468354e-01
0.02	7.450022e-02	7.360656e-02
0.02	1.867016e-01	1.418051e-01
0.02	1.701624e-01	1.338730e-01
0.02	1.633861e-01	1.519136e-01
0.02	2.811286e-02	1.405245e-02
0.02	1.946707e-01	1.412250e-01
0.02	7.384381e-02	5.709223e-02
0.02	1.481773e-01	1.043599e-01
0.02	5.732050e-02	4.993882e-02
0.02	1.237182e-01	1.094212e-01
0.02	1.053277e-01	6.185687e-02
0.02	1.967423e-01	1.796891e-01
0.02	1.560001e-01	1.052702e-01
0.02	5.371114e-02	6.081526e-02
0.02	6.997316e-02	4.661715e-02
0.02	1.329539e-01	1.281910e-01
0.02	1.433508e-01	1.303131e-01
0.02	2.463607e-02	2.701892e-02
0.02	4.889686e-02	5.523107e-02
0.02	1.951464e-01	1.800612e-01
0.02	1.723583e-01	1.155180e-01
0.02	1.258366e-01	1.307087e-01
0.02	7.984359e-02	7.767281e-02
0.02	4.308153e-02	3.812133e-02
0.02	1.242271e-01	1.218212e-01
0.02	1.054254e-01	1.023310e-01
0.02	1.915980e-01	1.650790e-01
0.02	1.820502e-01	1.625172e-01
0.02	1.455371e-01	9.895132e-02
0.02	1.384247e-01	1.365705e-01
0.02	1.019289e-01	6.140577e-02
0.02	2.147485e-02	3.071710e-02
0.02	5.435929e-02	5.137967e-02
0.02	4.098397e-02	4.099698e-02
0.02	1.267366e-01	6.948124e-02
0.02	1.848983e-01	1.704815e-01
0.02	6.041286e-02	4.384424e-02
0.02	5.176596e-02	4.664019e-02
0.02	5.497411e-02	5.908429e-02
0.02	1.474537e-01	1.023619e-01
0.02	4.415714e-02	5.415902e-02
0.02	6.578902e-02	6.826825e-02
0.02	5.966262e-02	5.991638e-02
0.02	3.343809e-02	2.966379e-02
0.02	1.165971e-01	1.206194e-01
0.02	1.114257e-01	1.019175e-01
0.02	6.880088e-02	4.186841e-02
0.02	2.599628e-02	1.808503e-02
0.02	1.323803e-01	8.725616e-02
0.02	1.061790e-01	1.193016e-01
0.02	1.230057e-01	5.552018e-02
0.02	2.711702e-02	2.152821e-02
0.02	1.397195e-01	1.170994e-01
0.02	7.790091e-02	8.548367e-02
0.02	1.153181e-01	6.896711e-02
0.02	6.034164e-02	7.422425e-02
0.02	1.566693e-01	1.050041e-01
0.02	6.490653e-02	6.146840e-02
0.02	2.113571e-01	1.603894e-01
0.02	5.275634e-02	3.447754e-02
0.02	2.702579e-02	1.016362e-02
0.02	1.369061e-01	7.614233e-02
0.02	4.249026e-02	3.574218e-02
0.02	9.349594e-02	1.015314e-01
0.02	1.003992e-01	1.081547e-01
0.02	3.696777e-02	3.370955e-02
0.02	1.158938e-01	5.473169e-02
0.02	1.563062e-01	1.501509e-01
0.02	1.014688e-01	4.789191e-02
0.02	9.158446e-02	6.223572e-02
0.02	1.145306e-01	6.513686e-02
0.02	1.599911e-01	1.491561e-01
0.02	1.258496e-01	1.275583e-01
0.02	9.140395e-02	8.442557e-02
0.02	1.201810e-01	7.382317e-02
0.02	1.373360e-01	1.171266e-01
0.02	1.092969e-01	6.159164e-02
0.02	2.767581e-02	2.384950e-02
0.02	3.502514e-02	3.772660e-02
0.02	5.585840e-02	4.675101e-02
0.02	7.834493e-02	5.798294e-02
0.02	8.739010e-02	4.032216e-02
0.02	4.298987e-02	4.776047e-02
0.02	2.037305e-01	1.576099e-01
0.02	7.848265e-02	7.191383e-02
0.02	3.633973e-02	3.504628e-02
0.02	1.624094e-01	1.549270e-01
0.02	1.163709e-01	1.230455e-01
0.02	3.820532e-02	2.020158e-02
0.02	4.650090e-02	4.664878e-02
0.02	1.254651e-01	8.437045e-02
0.02	6.846131e-02	7.836826e-02
0.02	1.988561e-01	1.727368e-01
0.02	8.289800e-02	5.243589e-02
0.02	1.248597e-01	1.158816e-01
0.02	9.549146e-02	8.927871e-02
0.02	1.070654e-01	9.114709e-02
0.02	5.285752e-02	4.805877e-02
0.02	7.684438e-02	6.383533e-02
0.02	4.193436e-02	3.833072e-02
0.02	8.373219e-02	6.754489e-02
0.02	3.342605e-02	3.588372e-02
0.02	3.433132e-02	3.500323e-02
0.02	1.071291e-01	6.563924e-02
0.02	1.355673e-01	1.012194e-01
0.02	3.798681e-02	3.193202e-02
0.02	1.258624e-01	1.038928e-01
0.02	9.577453e-02	1.064582e-01
0.02	1.195768e-01	6.868505e-02
0.02	8.996876e-02	7.351475e-02
0.02	5.929081e-02	4.831031e-02
0.02	1.446505e-01	1.228609e-01
0.02	6.370268e-02	3.937351e-02
0.02	1.128066e-01	7.636495e-02
0.02	1.026778e-01	1.108774e-01
0.02	1.130905e-01	1.091892e-01
0.02	6.423796e-02	5.258215e-02
0.02	1.807037e-01	1.434239e-01
0.02	1.113755e-01	1.013555e-01
0.02	5.298097e-02	5.797540e-02
0.02	3.043089e-02	2.109865e-02
0.02	2.871582e-02	1.685484e-02
0.02	4.959925e-02	4.652538e-02
0.02	3.990385e-02	3.142102e-02
0.02	1.393180e-01	1.000532e-01
0.02	1.605301e-01	1.644750e-01
0.02	1.370709e-01	1.403426e-01
0.02	7.858756e-02	7.152197e-02
0.02	3.774935e-02	2.546366e-02
0.02	1.133068e-01	1.103153e-01
0.02	7.605259e-02	3.963093e-02
0.02	1.295838e-01	5.539385e-02
0.02	7.968557e-02	5.888467e-02
0.02	1.711425e-01	1.176750e-01
0.02	3.893885e-02	2.693588e-02
0.02	1.335128e-01	1.043339e-01
0.02	1.093135e-01	8.704250e-02
0.02	6.315094e-02	3.328304e-02
0.02	3.570458e-02	2.432462e-02
0.02	8.218544e-02	6.967172e-02
0.02	1.240488e-01	7.182879e-02
0.02	1.487718e-01	1.282527e-01
0.02	1.691679e-01	1.426129e-01
0.02	5.960400e-02	5.561442e-02
0.02	8.050384e-02	7.550878e-02
0.02	9.669784e-02	9.712779e-02
0.02	1.496668e-01	1.026803e-01
0.02	9.681731e-02	1.050837e-01
0.02	7.010504e-02	6.945171e-02
0.02	9.078596e-02	1.010679e-01
0.02	2.882218e-02	1.664441e-02
0.02	1.087272e-01	6.747549e-02
0.02	9.462137e-02	8.274115e-02
0.02	4.903872e-02	3.947249e-02
0.02	7.654755e-02	4.907509e-02
0.02	3.495381e-02	4.903244e-02
0.02	4.329764e-02	4.274713e-02
0.02	4.535556e-02	5.055361e-02
0.02	9.498809e-02	8.940758e-02
0.02	1.323767e-01	6.993174e-02
0.02	5.822574e-02	5.934795e-02
0.02	1.305753e-01	7.206357e-02
0.02	1.615506e-01	1.306205e-01
0.02	6.210677e-02	5.667811e-02
0.02	4.570477e-02	5.050930e-02
0.02	1.260413e-01	6.036272e-02
0.02	1.605216e-01	1.463944e-01
0.02	8.535884e-02	5.358376e-02
0.02	6.424875e-02	4.983139e-02
0.02	4.610799e-02	3.770195e-02
0.02	1.280973e-01	1.240314e-01
0.02	2.596817e-02	1.951755e-02
0.02	1.536237e-01	1.395049e-01
0.02	2.887967e-02	2.524393e-02
0.02	1.452047e-01	9.329942e-02
0.02	7.018690e-02	4.309362e-02
0.02	8.758325e-02	8.061814e-02
0.02	1.161560e-01	1.288817e-01
0.02	5.353715e-02	5.905959e-02
0.02	1.457493e-01	1.469118e-01
0.02	5.285647e-02	4.605962e-02
0.02	1.792429e-01	1.329522e-01
0.02	1.047255e-01	6.323714e-02
0.02	6.282667e-02	7.188218e-02
0.02	1.139516e-01	1.214735e-01
0.02	1.367026e-01	1.234272e-01
0.02	8.756894e-02	6.648555e-02
0.02	9.568907e-02	7.609923e-02
0.02	1.113158e-01	1.190868e-01
0.02	1.387500e-01	1.105197e-01
0.02	1.509669e-01	1.593451e-01
0.02	8.756426e-02	7.119852e-02
0.02	1.415955e-01	8.223206e-02
0.02	1.518743e-01	1.502720e-01
0.02	7.574634e-02	5.735421e-02
0.02	6.433060e-02	6.816004e-02
0.02	5.691205e-02	4.500591e-02
0.02	5.069933e-02	6.155800e-02
0.02	1.539485e-01	1.512071e-01
0.02	1.381075e-01	1.358665e-01
0.02	1.977758e-01	1.652976e-01
0.02	1.610647e-01	1.055366e-01
0.02	6.562305e-02	4.933619e-02
0.02	5.360925e-02	5.826570e-02
0.02	7.769371e-02	5.225432e-02
0.02	1.699602e-01	1.154962e-01
0.02	9.595565e-02	5.410087e-02
0.02	1.510625e-01	1.205567e-01
0.02	1.390951e-01	1.282070e-01
0.02	1.738062e-01	1.315607e-01
0.02	1.841985e-01	1.293351e-01
0.02	4.995203e-02	4.535791e-02
0.02	1.061244e-01	7.582914e-02
0.02	5.868479e-02	3.527313e-02
0.02	1.457415e-01	6.786851e-02
0.02	9.958406e-02	6.967555e-02
0.02	5.022127e-02	5.955482e-02
0.02	9.550863e-02	7.444874e-02
0.02	7.952511e-02	6.972044e-02
0.02	1.194498e-01	9.804585e-02
0.02	1.024963e-01	1.082048e-01
0.02	3.536266e-02	3.635494e-02
0.02	4.223038e-02	3.143186e-02
0.02	3.316843e-02	3.952690e-02
0.02	4.819516e-02	5.178492e-02
0.02	1.069657e-01	8.197163e-02
0.02	6.370675e-02	7.609988e-02
0.02	6.316208e-02	4.710382e-02
0.02	1.063048e-01	6.842584e-02
0.02	3.939989e-02	4.082187e-02
0.02	4.752603e-02	5.553819e-02
0.02	5.181690e-02	6.206550e-02
0.02	1.714823e-01	1.677248e-01
0.02	1.750925e-01	1.443135e-01
0.02	3.959050e-02	3.300999e-02
0.02	6.228923e-02	5.495242e-02
0.02	4.489683e-02	5.078564e-02
0.02	3.609855e-02	4.040246e-02
0.02	8.706157e-02	7.560184e-02
0.02	6.426351e-02	7.069719e-02
0.03	6.292340e-02	5.547930e-02
0.03	1.294437e-01	1.345884e-01
0.03	1.131761e-01	8.247985e-02
0.03	1.328294e-01	7.831767e-02
0.03	2.083341e-01	1.724320e-01
0.03	4.370493e-02	4.306405e-02
0.03	1.205618e-01	1.031146e-01
0.03	1.069725e-01	1.183054e-01
0.03	6.961743e-02	6.330399e-02
0.03	4.248097e-02	3.756249e-02
0.03	7.339852e-02	5.968486e-02
0.03	1.186931e-01	1.274145e-01
0.03	2.865711e-02	2.522438e-02
0.03	4.687013e-02	3.970856e-02
0.03	1.105075e-01	7.430632e-02
0.03	9.713493e-02	9.956624e-02
0.03	4.400807e-02	3.120842e-02
0.03	1.169672e-01	1.000054e-01
0.03	9.971818e-02	4.513001e-02
0.03	8.177460e-02	7.016529e-02
0.03	7.107255e-02	6.621261e-02
0.03	1.597542e-01	1.386003e-01
0.03	1.763456e-01	1.633208e-01
0.03	7.825495e-02	7.328307e-02
0.03	6.907749e-02	6.516503e-02
0.03	9.709182e-02	6.840110e-02
0.03	4.522850e-02	2.143808e-02
0.03	7.278281e-02	7.940972e-02
0.03	2.943072e-02	1.105803e-02
0.03	1.309517e-01	6.996963e-02
0.03	1.281967e-01	8.328606e-02
0.03	3.773127e-02	3.601883e-02
0.03	3.749314e-02	4.987656e-02
0.03	1.435313e-01	7.908988e-02
0.03	5.275385e-02	5.538672e-02
0.03	1.039724e-01	9.770751e-02
0.03	5.092037e-02	5.706391e-02
0.03	1.364928e-01	7.747645e-02
0.03	1.038446e-01	1.107787e-01
0.03	9.131890e-02	6.499516e-02
0.03	1.156802e-01	1.313061e-01
0.03	8.293549e-02	6.648852e-02
0.03	2.169190e-02	3.561937e-02
0.03	3.291837e-02	1.844938e-02
0.03	9.656366e-02	6.456179e-02
0.03	8.900343e-02	9.687910e-02
0.03	9.060334e-02	8.400234e-02
0.03	1.206647e-01	6.807569e-02
0.03	1.048607e-01	9.382227e-02
0.03	9.796284e-02	6.123309e-02
0.03	1.603461e-01	1.606335e-01
0.03	1.070890e-01	6.795152e-02
0.03	3.529693e-02	3.912231e-02
0.03	8.188079e-02	6.344190e-02
0.03	3.993920e-02	3.011721e-02
0.03	7.204746e-02	4.061405e-02
0.03	4.779167e-02	5.061194e-02
0.03	2.673202e-02	1.921205e-02
0.03	1.474621e-01	9.363156e-02
0.03	7.141957e-02	6.678839e-02
0.03	6.369073e-02	5.755479e-02
0.03	1.233119e-01	7.056629e-02
0.03	4.644941e-02	4.647219e-02
0.03	5.790225e-02	6.429464e-02
0.03	1.064460e-01	1.122177e-01
0.03	6.669395e-02	5.606568e-02
0.03	1.257205e-01	1.149958e-01
0.03	3.855095e-02	2.196005e-02
0.03	1.324608e-01	1.215696e-01
0.03	1.723270e-01	1.515331e-01
0.03	8.878442e-02	6.698930e-02
0.03	9.217359e-02	5.013875e-02
0.03	1.424484e-01	1.156017e-01
0.03	5.528775e-02	3.083228e-02
0.03	1.637641e-01	1.231573e-01
0.03	3.752832e-02	5.320776e-02
0.03	1.615815e-01	1.502537e-01
0.03	1.292739e-01	1.332077e-01
0.03	6.574758e-02	4.453292e-02
0.03	6.518553e-02	3.771299e-02
0.03	1.319156e-01	7.485192e-02
0.03	2.595527e-02	1.216083e-02
0.03	1.208756e-01	6.952712e-02
0.03	3.393592e-02	3.302802e-02
0.03	7.914835e-02	5.600815e-02
0.03	4.271010e-02	4.401436e-02
0.03	5.571414e-02	6.657496e-02
0.03	1.590247e-01	1.093972e-01
0.03	6.048804e-02	7.395530e-02
0.03	1.495890e-01	8.170457e-02
0.03	7.763008e-02	4.163852e-02
0.03	3.542780e-02	3.884338e-02
0.03	8.175879e-02	6.788197e-02
0.03	6.082268e-02	5.856607e-02
0.03	1.512300e-01	1.185492e-01
0.03	8.185550e-02	8.140834e-02
0.03	1.058069e-01	1.044441e-01
0.03	5.132789e-02	2.967413e-02
0.03	9.740009e-02	9.961637e-02
0.03	9.283777e-02	7.548403e-02
0.03	8.213192e-02	6.482582e-02
0.03	1.579122e-01	1.073487e-01
0.03	3.466354e-02	2.254432e-02
0.03	1.056623e-01	1.035308e-01
0.03	6.385290e-02	3.359630e-02
0.03	6.653066e-02	3.618954e-02
0.03	5.804372e-02	4.937143e-02
0.03	1.644348e-01	1.654168e-01
0.03	2.120184e-01	1.796068e-01
0.03	1.390509e-01	7.690027e-02
0.03	1.795358e-01	1.472319e-01
0.03	1.585007e-01	1.080617e-01
0.03	1.042336e-01	8.685716e-02
0.03	1.637991e-01	1.637144e-01
0.03	1.186625e-01	6.569592e-02
0.03	5.929507e-02	6.497366e-02
0.03	9.103555e-02	5.038753e-02
0.03	1.161248e-01	6.137075e-02
0.03	1.543528e-01	1.465508e-01
0.03	1.161909e-01	1.145490e-01
0.03	8.625960e-02	4.918295e-02
0.03	9.822861e-02	7.898749e-02
0.03	6.342295e-02	7.157448e-02
0.03	6.339652e-02	3.788442e-02
0.03	1.419383e-01	1.341175e-01
0.03	2.170774e-01	1.770027e-01
0.03	6.806199e-02	6.877229e-02
0.03	1.472041e-01	1.090624e-01
0.03	1.807861e-01	1.411149e-01
0.03	1.013120e-01	4.728125e-02
0.03	1.101915e-01	7.277148e-02
0.03	4.054632e-02	4.652603e-02
0.03	8.345060e-02	3.946201e-02
0.03	9.521473e-02	8.486899e-02
0.03	1.578433e-01	1.086622e-01
0.03	1.111533e-01	1.232501e-01
0.03	1.259916e-01	7.050152e-02
0.03	1.025722e-01	1.084817e-01
0.03	3.630458e-02	2.979944e-02
0.03	1.411431e-01	1.323237e-01
0.03	1.379391e-01	1.205225e-01
0.03	1.692571e-01	1.135773e-01
0.03	8.154855e-02	6.126932e-02
0.03	1.684932e-01	1.465322e-01
0.03	1.314779e-01	1.014577e-01
0.03	4.645466e-02	4.612804e-02
0.03	1.125306e-01	9.211515e-02
0.03	3.253594e-02	2.659480e-02
0.03	1.250996e-01	1.365521e-01
0.03	1.376277e-01	1.423158e-01
0.03	3.911135e-02	4.161006e-02
0.03	1.920945e-01	1.497060e-01
0.03	1.566951e-01	1.060212e-01
0.03	2.713204e-02	2.050901e-02
0.03	4.262957e-02	3.385236e-02
0.03	5.796011e-02	5.602010e-02
0.03	1.101212e-01	7.145578e-02
0.03	7.105803e-02	7.354456e-02
0.03	1.669363e-01	1.273865e-01
0.03	5.332516e-02	5.085078e-02
0.03	1.368240e-01	7.137219e-02
0.03	1.512627e-01	1.032775e-01
0.03	3.414815e-02	2.585376e-02
0.03	1.335701e-01	7.578469e-02
0.03	2.666878e-02	1.537614e-02
0.03	1.102710e-01	1.145138e-01
0.03	7.311569e-02	6.807522e-02
0.03	9.142885e-02	7.034410e-02
0.03	1.106770e-01	1.111209e-01
0.03	1.086556e-01	6.528059e-02
0.03	7.751895e-02	8.429432e-02
0.03	1.739838e-01	1.727989e-01
0.03	1.505256e-01	1.137121e-01
0.03	1.428654e-01	9.753886e-02
0.03	1.334973e-01	1.465190e-01
0.03	4.324369e-02	2.421262e-02
0.03	1.235555e-01	1.152645e-01
0.03	1.026177e-01	6.473793e-02
0.03	1.301936e-01	9.709829e-02
0.03	1.854984e-01	1.530918e-01
0.03	1.348744e-01	1.461613e-01
0.03	1.534662e-01	1.173861e-01
0.03	3.289404e-02	3.394723e-02
0.03	1.317407e-01	1.234259e-01
0.03	1.826777e-01	1.373318e-01
0.03	5.832972e-02	4.072466e-02
0.03	7.707424e-02	5.695835e-02
0.03	4.596987e-02	3.413311e-02
0.03	1.202862e-01	9.743277e-02
0.03	2.022944e-01	1.787626e-01
0.03	6.235690e-02	6.165348e-02
0.03	1.593002e-01	1.281261e-01
0.03	2.534333e-02	2.375223e-02
0.03	1.367609e-01	8.043202e-02
0.03	6.441974e-02	3.359808e-02
0.03	1.199158e-01	1.190416e-01
0.03	7.224069e-02	6.702949e-02
0.03	1.013326e-01	9.260051e-02
0.03	5.388099e-02	4.067756e-02
0.03	1.688040e-01	1.376675e-01
0.03	1.772426e-01	1.255479e-01
0.03	1.154911e-01	8.218912e-02
0.03	1.330817e-01	7.039514e-02
0.03	4.199674e-02	4.531185e-02
0.03	5.087406e-02	6.463949e-02
0.03	1.889374e-01	1.550883e-01
0.03	8.751438e-02	6.329291e-02
0.03	1.176827e-01	1.299906e-01
0.03	6.143696e-02	6.492874e-02
0.03	1.666527e-01	1.184614e-01
0.03	4.714369e-02	2.557857e-02
0.03	9.162340e-02	6.742752e-02
0.03	3.452971e-02	4.183750e-02
0.03	1.668724e-01	1.434196e-01
0.03	2.774784e-02	2.154643e-02
0.03	3.653387e-02	2.038237e-02
0.03	8.458605e-02	7.945309e-02
0.03	7.012918e-02	3.372894e-02
0.03	3.573945e-02	2.445445e-02
0.03	8.742614e-02	7.856215e-02
0.03	5.852474e-02	3.412317e-02
0.03	1.834457e-01	1.519593e-01
0.03	1.745222e-01	1.493771e-01
0.03	6.094425e-02	5.999224e-02
0.03	1.517441e-01	1.277531e-01
0.03	1.319363e-01	8.759266e-02
0.03	1.601030e-01	1.497312e-01
0.03	5.110134e-02	4.658185e-02
0.03	1.973867e-01	1.588675e-01
0.03	2.724297e-02	2.340657e-02
0.03	2.684583e-02	1.854555e-02
0.03	2.026869e-02	2.936410e-02
0.03	4.851946e-02	5.408102e-02
0.03	7.232363e-02	5.712171e-02
0.03	8.578693e-02	6.144109e-02
0.03	4.724957e-02	4.726019e-02
0.03	4.692335e-02	4.291842e-02
0.03	1.203569e-01	9.975288e-02
0.03	1.390174e-01	9.716885e-02
0.03	1.051756e-01	5.281421e-02
0.03	1.088189e-01	8.317863e-02
0.03	1.683698e-01	1.387378e-01
0.03	5.166793e-02	4.070099e-02
0.03	1.128363e-01	8.247879e-02
0.03	1.086835e-01	8.087795e-02
0.03	7.138527e-02	7.090577e-02
0.03	1.711359e-01	1.570421e-01
0.03	1.414472e-01	1.022365e-01
0.03	1.121353e-01	1.240952e-01
0.03	1.037730e-01	7.018883e-02
0.03	1.061666e-01	5.132292e-02
0.03	2.035132e-01	1.586976e-01
0.03	2.759261e-02	2.323535e-02
0.03	2.951548e-02	1.161956e-02
0.03	1.590908e-01	1.310317e-01
0.03	1.405144e-01	1.162598e-01
0.03	1.528941e-01	1.367878e-01
0.03	1.538510e-01	1.188443e-01
0.03	8.232026e-02	6.171505e-02
0.03	3.705602e-02	3.714651e-02
0.03	8.537389e-02	8.352139e-02
0.03	2.565686e-02	1.453198e-02
0.03	9.282712e-02	7.881107e-02
0.03	8.389853e-02	7.168070e-02
0.03	1.657506e-01	1.261231e-01
0.03	1.031815e-01	5.983964e-02
0.03	1.087088e-01	4.767096e-02
0.03	1.028238e-01	7.595940e-02
0.03	1.080135e-01	4.611425e-02
0.03	3.996082e-02	4.140414e-02
0.03	2.337272e-02	1.884972e-02
0.03	2.796135e-02	2.870299e-02
0.03	8.307649e-02	6.273870e-02
0.03	9.232323e-02	6.372017e-02
0.03	5.958699e-02	6.845326e-02
0.03	5.218779e-02	2.401487e-02
0.03	7.921993e-02	6.340468e-02
0.03	7.298460e-02	5.720809e-02
0.03	9.251742e-02	7.925722e-02
0.03	4.757779e-02	5.074338e-02
0.03	3.841231e-02	2.918199e-02
0.03	1.330917e-01	9.342550e-02
0.03	2.488855e-02	3.558242e-02
0.03	9.821176e-02	5.391140e-02
0.03	5.838483e-02	4.141146e-02
0.03	4.506934e-02	4.781063e-02
0.03	1.362975e-01	1.048456e-01
0.03	9.744165e-02	1.001321e-01
0.03	4.900344e-02	4.297357e-02
0.03	8.387371e-02	7.162316e-02
0.03	1.350136e-01	1.337727e-01
0.03	2.095510e-01	1.676581e-01
0.03	1.730837e-01	1.524716e-01
0.03	1.943227e-01	1.475675e-01
0.03	7.750274e-02	7.030843e-02
0.03	1.544551e-01	1.048223e-01
0.03	1.173864e-01	8.162748e-02
0.03	2.108586e-01	1.808846e-01
0.03	3.291057e-02	4.100052e-02
0.03	8.278740e-02	6.168965e-02
0.03	1.092380e-01	1.209397e-01
0.03	8.826614e-02	7.033417e-02
0.03	1.812573e-01	1.728512e-01
0.03	9.191987e-02	1.046373e-01
0.03	1.638680e-01	1.186947e-01
0.03	6.506134e-02	3.374294e-02
0.03	3.535622e-02	2.036512e-02
0.03	6.843471e-02	5.967719e-02
0.03	5.529422e-02	3.701064e-02
0.03	9.527979e-02	1.064566e-01
0.03	9.036344e-02	8.817449e-02
0.03	1.063401e-01	9.218616e-02
0.03	2.606352e-02	2.258249e-02
0.03	4.894101e-02	5.176919e-02
0.03	1.644578e-01	1.581426e-01
0.03	9.987359e-02	5.411849e-02
0.03	1.813856e-01	1.395854e-01
0.03	1.447205e-01	9.944059e-02
0.03	9.782878e-02	5.311431e-02
0.03	9.307183e-02	8.987840e-02
0.03	1.034365e-01	4.702368e-02
0.03	1.701689e-01	1.310591e-01
0.03	4.946406e-02	4.600974e-02
0.03	3.393780e-02	2.874158e-02
0.03	1.465766e-01	9.289792e-02
0.03	1.173212e-01	6.993012e-02
0.03	7.333865e-02	7.528800e-02
0.03	5.566519e-02	5.812889e-02
0.03	1.569001e-01	1.179600e-01
0.03	2.907254e-02	2.011204e-02
0.03	1.812803e-01	1.667932e-01
0.03	1.185376e-01	6.030254e-02
0.03	1.950937e-01	1.413672e-01
0.03	6.057023e-02	5.904505e-02
0.03	1.101841e-01	7.115735e-02
0.03	1.084468e-01	6.163382e-02
0.03	1.103842e-01	7.297253e-02
0.03	2.675903e-02	1.978194e-02
0.03	1.071836e-01	1.119978e-01
0.03	1.854254e-01	1.330682e-01
0.03	1.678928e-01	1.622896e-01
0.03	5.715075e-02	6.057231e-02
0.03	6.686762e-02	6.781522e-02
0.03	6.400916e-02	6.352665e-02
0.03	1.107476e-01	5.351236e-02
0.03	1.555578e-01	1.548512e-01
0.03	4.725296e-02	4.787508e-02
0.03	1.264321e-01	7.724525e-02
0.03	2.786468e-02	1.595767e-02
0.03	1.291079e-01	1.320710e-01
0.03	5.899960e-02	6.121699e-02
0.03	7.858585e-02	5.784717e-02
0.03	1.124679e-01	5.116899e-02
0.03	1.430022e-01	1.401433e-01
0.03	1.540906e-01	1.110955e-01
0.03	3.206635e-02	3.147931e-02
0.03	1.106330e-01	5.239944e-02
0.03	1.559268e-01	1.442716e-01
0.03	4.735331e-02	4.892722e-02
0.03	9.525267e-02	5.797129e-02
0.03	1.164912e-01	7.538732e-02
0.03	4.238218e-02	2.055873e-02
0.03	6.063823e-02	5.816985e-02
0.03	1.416030e-01	6.684944e-02
0.03	6.540341e-02	6.744748e-02
0.03	5.330356e-02	5.961471e-02
0.03	1.890752e-01	1.504399e-01
0.03	1.410268e-01	1.050156e-01
0.03	6.665898e-02	5.785859e-02
0.03	9.501705e-02	7.665379e-02
0.03	1.228797e-01	6.141947e-02
0.03	3.168399e-02	3.154175e-02
0.03	1.061107e-01	1.171141e-01
0.03	1.425450e-01	5.507131e-02
0.03	1.680659e-01	1.541667e-01
0.03	1.477032e-01	1.335227e-01
0.03	1.572171e-01	1.599353e-01
0.03	1.932773e-01	1.383632e-01
0.03	9.119324e-02	8.893783e-02
0.03	1.003013e-01	7.600705e-02
0.03	8.854756e-02	8.685487e-02
0.03	1.358231e-01	1.237494e-01
0.03	1.237876e-01	1.013766e-01
0.03	9.621940e-02	1.049582e-01
0.03	4.522314e-02	3.508636e-02
0.03	4.913597e-02	5.508208e-02
0.03	5.461177e-02	2.758199e-02
0.03	1.295636e-01	9.290644e-02
0.03	1.793235e-01	1.250419e-01
0.03	5.009018e-02	2.877605e-02
0.03	5.330734e-02	5.104177e-02
0.03	1.544518e-01	1.099360e-01
0.03	5.135132e-02	4.538225e-02
0.03	4.931660e-02	4.906371e-02
0.03	6.345282e-02	3.244994e-02
0.03	6.184849e-02	7.217339e-02
0.03	1.438680e-01	1.084614e-01
0.03	3.271468e-02	1.953286e-02
0.03	4.071799e-02	3.330485e-02
0.03	1.091178e-01	1.021533e-01
0.04	9.264506e-02	7.157021e-02
0.04	7.186798e-02	3.227424e-02
0.04	1.562307e-01	1.484313e-01
0.04	1.577273e-01	1.638181e-01
0.04	2.934816e-02	2.938735e-02
0.04	9.629004e-02	5.309784e-02
0.04	1.591990e-01	1.009353e-01
0.04	1.365257e-01	8.259955e-02
0.04	1.179751e-01	7.338441e-02
0.04	2.407334e-02	8.485598e-03
0.04	1.126797e-01	5.736789e-02
0.04	1.099449e-01	1.109078e-01
0.04	1.645922e-01	1.111988e-01
0.04	1.484653e-01	9.397517e-02
0.04	9.739455e-02	5.262898e-02
0.04	1.771109e-01	1.681850e-01
0.04	7.797939e-02	6.787711e-02
0.04	5.128834e-02	5.940820e-02
0.04	7.551238e-02	3.370632e-02
0.04	1.258350e-01	6.651937e-02
0.04	4.694035e-02	3.340605e-02
0.04	1.939806e-01	1.489892e-01
0.04	9.316433e-02	8.098585e-02
0.04	1.355417e-01	1.137717e-01
0.04	1.218966e-01	5.517165e-02
0.04	1.335173e-01	1.346131e-01
0.04	1.135870e-01	5.699961e-02
0.04	1.373720e-01	8.296717e-02
0.04	6.247294e-02	6.104201e-02
0.04	1.106976e-01	9.592778e-02
0.04	6.674033e-02	5.851496e-02
0.04	3.550085e-02	5.150450e-02
0.04	3.809462e-02	3.070387e-02
0.04	1.305346e-01	5.377398e-02
0.04	9.320812e-02	4.634510e-02
0.04	2.690901e-02	2.662585e-02
0.04	1.902792e-01	1.521670e-01
0.04	1.276977e-01	5.160713e-02
0.04	1.438544e-01	1.414313e-01
0.04	1.401642e-01	1.380390e-01
0.04	7.775359e-02	5.548075e-02
0.04	1.624224e-01	1.224627e-01
0.04	1.284551e-01	8.194705e-02
0.04	2.065764e-01	1.697471e-01
0.04	5.950524e-02	4.228449e-02
0.04	6.762472e-02	7.677033e-02
0.04	4.506292e-02	2.867255e-02
0.04	1.318871e-01	1.369188e-01
0.04	6.088711e-02	5.314100e-02
0.04	6.360425e-02	3.733315e-02
0.04	8.857915e-02	7.118602e-02
0.04	1.886306e-01	1.349183e-01
0.04	2.317360e-02	8.950390e-03
0.04	7.148421e-02	7.933218e-02
0.04	3.904901e-02	3.132149e-02
0.04	1.382441e-01	8.349610e-02
0.04	1.107157e-01	7.964239e-02
0.04	2.612954e-02	1.483126e-02
0.04	1.578777e-01	1.509846e-01
0.04	1.303797e-01	7.234765e-02
0.04	5.591604e-02	2.555874e-02
0.04	1.346690e-01	1.405301e-01
0.04	2.583216e-02	2.065900e-02
0.04	7.968928e-02	7.146148e-02
0.04	1.035724e-01	5.900442e-02
0.04	2.008975e-01	1.625385e-01
0.04	8.248272e-02	5.728638e-02
0.04	1.218003e-01	7.847722e-02
0.04	7.128220e-02	8.284648e-02
0.04	9.767281e-02	6.145539e-02
0.04	1.944651e-01	1.488812e-01
0.04	2.382033e-02	7.139166e-03
0.04	1.180794e-01	8.500159e-02
0.04	1.919256e-01	1.495121e-01
0.04	1.850104e-01	1.515225e-01
0.04	4.858236e-02	4.799644e-02
0.04	4.554451e-02	3.124939e-02
0.04	6.272059e-02	3.452677e-02
0.04	4.690324e-02	4.123016e-02
0.04	7.994309e-02	7.332188e-02
0.04	1.823508e-01	1.671986e-01
0.04	3.437997e-02	1.682978e-02
0.04	4.019619e-02	4.179938e-02
0.04	1.869645e-01	1.667611e-01
0.04	2.233489e-02	9.346651e-03
0.04	1.527483e-01	1.138192e-01
0.04	1.727420e-01	1.604726e-01
0.04	4.906361e-02	5.341973e-02
0.04	1.978635e-01	1.769798e-01
0.04	1.068615e-01	1.178163e-01
0.04	1.221068e-01	8.808478e-02
0.04	9.078820e-02	4.626816e-02
0.04	9.502496e-02	6.111862e-02
0.04	6.113422e-02	3.043788e-02
0.04	3.009021e-02	3.430388e-02
0.04	1.727035e-01	1.439453e-01
0.04	1.336867e-01	6.916742e-02
0.04	1.254476e-01	1.107436e-01
0.04	7.000590e-02	3.419257e-02
0.04	6.307643e-02	4.330643e-02
0.04	3.167471e-02	3.292166e-02
0.04	1.795276e-01	1.608499e-01
0.04	3.367882e-02	1.715543e-02
0.04	1.242018e-01	1.001568e-01
0.04	1.444529e-01	1.324903e-01
0.04	1.981976e-01	1.483422e-01
0.04	8.982732e-02	9.652779e-02
0.04	6.736464e-02	6.366124e-02
0.04	1.906274e-01	1.686870e-01
0.04	7.961034e-02	8.978444e-02
0.04	4.374614e-02	4.926359e-02
0.04	1.399179e-01	1.178852e-01
0.04	9.816705e-02	8.166476e-02
0.04	1.689302e-01	1.343586e-01
0.04	5.100790e-02	5.838006e-02
0.04	1.082904e-01	7.258897e-02
0.04	6.345076e-02	7.776569e-02
0.04	5.530129e-02	3.365639e-02
0.04	1.202130e-01	5.238060e-02
0.04	1.667243e-01	1.654352e-01
0.04	4.795235e-02	3.810530e-02
0.04	2.450597e-02	6.358430e-03
0.04	8.910119e-02	1.007094e-01
0.04	1.501276e-01	1.552138e-01
0.04	8.084239e-02	5.841879e-02
0.04	1.158803e-01	6.326666e-02
0.04	1.174973e-01	6.152853e-02
0.04	1.702823e-01	1.580855e-01
0.04	1.718853e-01	1.539733e-01
0.04	1.011268e-01	5.989344e-02
0.04	4.787307e-02	5.380959e-02
0.04	1.974880e-01	1.488217e-01
0.04	4.367523e-02	3.425508e-02
0.04	7.535975e-02	7.947165e-02
0.04	1.596504e-01	1.006589e-01
0.04	1.670573e-01	1.427963e-01
0.04	1.242760e-01	1.146201e-01
0.04	5.134816e-02	4.676331e-02
0.04	1.668769e-01	1.667074e-01
0.04	1.155612e-01	9.407149e-02
0.04	8.418617e-02	8.116929e-02
0.04	1.705268e-01	1.691414e-01
0.04	1.139195e-01	6.044301e-02
0.04	9.294315e-02	5.096431e-02
0.04	8.842619e-02	5.255398e-02
0.04	1.381037e-01	8.480517e-02
0.04	1.634280e-01	1.455100e-01
0.04	6.632673e-02	6.871611e-02
0.04	1.735667e-01	1.649818e-01
0.04	2.763941e-02	2.460491e-02
0.04	5.699648e-02	4.496388e-02
0.04	3.451628e-02	2.835091e-02
0.04	6.379813e-02	5.594459e-02
0.04	9.736860e-02	6.423022e-02
0.04	8.469922e-02	4.199926e-02
0.04	7.926268e-02	7.279490e-02
0.04	6.004493e-02	5.931431e-02
0.04	7.297428e-02	4.581334e-02
0.04	2.944850e-02	2.413128e-02
0.04	7.157909e-02	7.205527e-02
0.04	3.843062e-02	5.176704e-02
0.04	7.766780e-02	3.924251e-02
0.04	1.600076e-01	1.053757e-01
0.04	8.357728e-02	6.748519e-02
0.04	8.747043e-02	8.850262e-02
0.04	7.531556e-02	7.835944e-02
0.04	6.529706e-02	7.545351e-02
0.04	1.927284e-01	1.753981e-01
0.04	1.475752e-01	1.070543e-01
0.04	1.191844e-01	9.214028e-02
0.04	9.903594e-02	7.938984e-02
0.04	1.064450e-01	4.770561e-02
0.04	1.329423e-01	1.328889e-01
0.04	1.517310e-01	1.450933e-01
0.04	1.457209e-01	9.094867e-02
0.04	1.385720e-01	7.796787e-02
0.04	4.039963e-02	5.525485e-02
0.04	1.754961e-01	1.594839e-01
0.04	1.435709e-01	1.193052e-01
0.04	9.325181e-02	1.063497e-01
0.04	1.249978e-01	1.328059e-01
0.04	1.952514e-01	1.803058e-01
0.04	3.150288e-02	4.942924e-02
0.04	1.365150e-01	1.243304e-01
0.04	4.412316e-02	5.141707e-02
0.04	1.563124e-01	1.107604e-01
0.04	1.298404e-01	6.925137e-02
0.04	5.704675e-02	4.501239e-02
0.04	1.090734e-01	6.221277e-02
0.04	1.126553e-01	1.090389e-01
0.04	1.756474e-01	1.175448e-01
0.04	1.003048e-01	1.107275e-01
0.04	1.467966e-01	9.595778e-02
0.04	6.739756e-02	5.698702e-02
0.04	8.841052e-02	8.265428e-02
0.04	6.398036e-02	4.036184e-02
0.04	1.684033e-01	1.635201e-01
0.04	1.409204e-01	1.242592e-01
0.04	4.310291e-02	4.388193e-02
0.04	1.105162e-01	7.533169e-02
0.04	9.786879e-02	5.605800e-02
0.04	6.186478e-02	7.247095e-02
0.04	2.797361e-02	2.019464e-02
0.04	7.636407e-02	6.945335e-02
0.04	8.323254e-02	6.437715e-02
0.04	2.585305e-02	2.387694e-02
0.04	6.190125e-02	3.531821e-02
0.04	1.108910e-01	7.049626e-02
0.04	4.001854e-02	4.021568e-02
0.04	5.447589e-02	5.174156e-02
0.04	8.089750e-02	9.079509e-02
0.04	7.749258e-02	4.909307e-02
0.04	1.022817e-01	7.531308e-02
0.04	7.715490e-02	8.411748e-02
0.04	4.950941e-02	3.568016e-02
0.04	9.825517e-02	6.776946e-02
0.04	1.416803e-01	1.194212e-01
0.04	1.514593e-01	1.277525e-01
0.04	1.544019e-01	1.528484e-01
0.04	2.829168e-02	1.607642e-02
0.04	1.625185e-01	1.618754e-01
0.04	2.058228e-02	2.518916e-02
0.04	1.144540e-01	9.145543e-02
0.04	1.377916e-01	1.099604e-01
0.04	1.523894e-01	1.351287e-01
0.04	1.009681e-01	4.449557e-02
0.04	1.008142e-01	7.723233e-02
0.04	5.755160e-02	6.023904e-02
0.04	1.871855e-01	1.391655e-01
0.04	8.902360e-02	6.467160e-02
0.04	3.033543e-02	3.345013e-02
0.04	1.261691e-01	9.340605e-02
0.04	7.267491e-02	3.708446e-02
0.04	5.401050e-02	6.884326e-02
0.04	1.362577e-01	7.472809e-02
0.04	2.826229e-02	2.591801e-02
0.04	1.251159e-01	1.143379e-01
0.04	1.446995e-01	1.272594e-01
0.04	1.249463e-01	1.275466e-01
0.04	5.488540e-02	2.790664e-02
0.04	2.928669e-02	1.199588e-02
0.04	1.359037e-01	1.156586e-01
0.04	1.547042e-01	1.268006e-01
0.04	5.867270e-02	6.818906e-02
0.04	1.192053e-01	1.303324e-01
0.04	1.565982e-01	1.236502e-01
0.04	2.864701e-02	9.840520e-03
0.04	9.285266e-02	1.053076e-01
0.04	1.619020e-01	1.120094e-01
0.04	1.399486e-01	1.200508e-01
0.04	6.649519e-02	7.218512e-02
0.04	1.171062e-01	1.138850e-01
0.04	6.104357e-02	4.802503e-02
0.04	5.867299e-02	5.402985e-02
0.04	1.661828e-01	1.094289e-01
0.04	1.558369e-01	1.516080e-01
0.04	3.851869e-02	4.584066e-02
0.04	6.459664e-02	6.199859e-02
0.04	5.090049e-02	4.982933e-02
0.04	4.302220e-02	3.309862e-02
0.04	9.145924e-02	5.680261e-02
0.04	1.357218e-01	8.644929e-02
0.04	1.405688e-01	9.331352e-02
0.04	1.523531e-01	1.318631e-01
0.04	1.410699e-01	1.317663e-01
0.04	2.672113e-02	1.844438e-02
0.04	1.354412e-01	9.943036e-02
0.04	1.895015e-01	1.673489e-01
0.04	9.060242e-02	9.627370e-02
0.04	2.130484e-02	1.307977e-02
0.04	3.202540e-02	1.977785e-02
0.04	2.194274e-02	2.064577e-02
0.04	8.910944e-02	4.898335e-02
0.04	7.985100e-02	5.482612e-02
0.04	7.283437e-02	6.999520e-02
0.04	1.007503e-01	4.577122e-02
0.04	1.701012e-01	1.365207e-01
0.04	1.770254e-01	1.423928e-01
0.04	1.062443e-01	5.219749e-02
0.04	1.008632e-01	5.303982e-02
0.04	5.719812e-02	4.075428e-02
0.04	1.148620e-01	1.245283e-01
0.04	1.388771e-01	1.121607e-01
0.04	1.178851e-01	7.333313e-02
0.04	1.334240e-01	1.337922e-01
0.04	1.707611e-01	1.269369e-01
0.04	3.809153e-02	3.860776e-02
0.04	1.391549e-01	8.877420e-02
0.04	4.935679e-02	6.010582e-02
0.04	1.238107e-01	1.057972e-01
0.04	1.362114e-01	1.112976e-01
0.04	6.354894e-02	4.549823e-02
0.04	6.470461e-02	2.829511e-02
0.04	1.259635e-01	1.183240e-01
0.04	1.478052e-01	1.472580e-01
0.04	1.251248e-01	1.131367e-01
0.04	1.568193e-01	1.491155e-01
0.04	1.074315e-01	1.163245e-01
0.04	1.076529e-01	6.851294e-02
0.04	9.194111e-02	7.628876e-02
0.04	3.931300e-02	4.282006e-02
0.04	1.093221e-01	8.011635e-02
0.04	2.079247e-01	1.813868e-01
0.04	6.785595e-02	4.222747e-02
0.04	9.543612e-02	8.032748e-02
0.04	1.314546e-01	1.355474e-01
0.04	5.237047e-02	4.103837e-02
0.04	7.576749e-02	8.860930e-02
0.04	2.908824e-02	2.257741e-02
0.04	4.858244e-02	4.946856e-02
0.04	1.343891e-01	6.826051e-02
0.04	1.635558e-01	1.569051e-01
0.04	7.530514e-02	7.632224e-02
0.04	8.756033e-02	7.537466e-02
0.04	1.806255e-01	1.598002e-01
0.04	6.628850e-02	7.578637e-02
0.04	8.365458e-02	8.289135e-02
0.04	8.761107e-02	5.335273e-02
0.04	1.056182e-01	9.794105e-02
0.04	1.772051e-01	1.282897e-01
0.04	2.982377e-02	2.411817e-02
0.04	1.077193e-01	7.774247e-02
0.04	1.199000e-01	1.212214e-01
0.04	1.628285e-01	1.157902e-01
0.04	1.594524e-01	1.169527e-01
0.04	7.803289e-02	5.309064e-02
0.04	1.401213e-01	1.343197e-01
0.04	8.578234e-02	6.259500e-02
0.04	1.134615e-01	5.812257e-02
0.04	2.052675e-01	1.538073e-01
0.04	8.179637e-02	8.346408e-02
0.04	1.545151e-01	9.859515e-02
0.04	1.448571e-01	1.146278e-01
0.04	1.333140e-01	8.198468e-02
0.04	1.121084e-01	1.135639e-01
0.04	8.938907e-02	7.690086e-02
0.04	7.639391e-02	3.504403e-02
0.04	7.649415e-02	7.642900e-02
0.04	7.645614e-02	6.760057e-02
0.04	1.519671e-01	1.240364e-01
0.04	1.146544e-01	8.517398e-02
0.04	1.215346e-01	5.529016e-02
0.04	1.017812e-01	4.450778e-02
0.04	4.117641e-02	3.433449e-02
0.04	1.112479e-01	5.953883e-02
0.04	1.935648e-01	1.721168e-01
0.04	9.989642e-02	9.460669e-02
0.04	1.488314e-01	1.353135e-01
0.04	3.720518e-02	3.396073e-02
0.04	3.824152e-02	3.618381e-02
0.04	1.612423e-01	1.533375e-01
0.04	1.002909e-01	8.935666e-02
0.04	5.483923e-02	6.477628e-02
0.04	1.066608e-01	1.019241e-01
0.04	3.150047e-02	1.987529e-02
0.04	1.132334e-01	5.263790e-02
0.04	9.380983e-02	7.254058e-02
0.04	6.739019e-02	7.674451e-02
0.04	1.263079e-01	7.728429e-02
0.04	1.993759e-01	1.599528e-01
0.04	1.276213e-01	1.303378e-01
0.04	5.657774e-02	4.145847e-02
0.04	1.623883e-01	1.550596e-01
0.04	1.411996e-01	1.149436e-01
0.04	8.417422e-02	9.865249e-02
0.04	3.943063e-02	4.602505e-02
0.04	9.134847e-02	4.823306e-02
0.04	1.521629e-01	9.799585e-02
0.04	1.348341e-01	1.450149e-01
0.04	1.207382e-01	1.185445e-01
0.04	3.974641e-02	4.851587e-02
0.04	2.259042e-02	2.468464e-02
0.04	1.367134e-01	1.319107e-01
0.04	1.568904e-01	1.064776e-01
0.04	1.343857e-01	5.740037e-02
0.04	1.205370e-01	1.062982e-01
0.04	1.482214e-01	1.119095e-01
0.04	8.961323e-02	9.629869e-02
0.04	5.759064e-02	7.185720e-02
0.04	6.526439e-02	6.396941e-02
0.04	4.159363e-02	5.011389e-02
0.04	3.165772e-02	2.691262e-02
0.04	2.151147e-01	1.708702e-01
0.04	7.897358e-02	6.464750e-02
0.04	1.186374e-01	1.059994e-01
0.04	7.651023e-02	6.130288e-02
0.04	9.485132e-02	8.703394e-02
0.04	1.489491e-01	1.180210e-01
0.04	1.745577e-01	1.696596e-01
0.04	5.287114e-02	5.566866e-02
0.04	7.316081e-02	7.628170e-02
0.04	1.452802e-01	5.833773e-02
0.04	8.778620e-02	6.364471e-02
0.04	1.170169e-01	7.293165e-02
0.04	2.023404e-01	1.643812e-01
0.04	7.459133e-02	9.123945e-02
0.04	5.972672e-02	5.090816e-02
0.04	1.837788e-01	1.596770e-01
0.04	1.466189e-01	9.365631e-02
0.04	1.004486e-01	1.007296e-01
0.0527	8.694152e-02	5.094139e-02
0.0527	8.709024e-02	4.234596e-02
0.0527	8.747131e-02	8.482421e-02
0.0527	1.362387e-01	1.370016e-01
0.0527	7.928225e-02	4.807258e-02
0.0527	1.262152e-01	7.492092e-02
0.0527	1.275031e-01	6.885947e-02
0.0527	1.743320e-01	1.430848e-01
0.0527	1.054811e-01	6.742762e-02
0.0527	7.952253e-02	6.985622e-02
0.0527	1.646464e-01	1.446516e-01
0.0527	2.063274e-01	1.556558e-01
0.0527	1.337851e-01	7.754941e-02
0.0527	9.252505e-02	1.049573e-01
0.0527	1.427526e-01	9.208772e-02
0.0527	1.087213e-01	5.857192e-02
0.0527	1.763061e-01	1.362174e-01
0.0527	9.883105e-02	1.167129e-01
0.0527	3.085964e-02	4.486914e-02
0.0527	8.386514e-02	3.768965e-02
0.0527	1.702374e-01	1.437123e-01
0.0527	1.869454e-01	1.470857e-01
0.0527	4.454949e-02	2.610426e-02
0.0527	3.228515e-02	3.515778e-02
0.0527	2.986965e-02	2.768860e-02
0.0527	3.376656e-02	2.212273e-02
0.0527	5.398094e-02	6.454995e-02
0.0527	1.156027e-01	8.014734e-02
0.0527	5.669449e-02	5.239878e-02
0.0527	1.162144e-01	1.122007e-01
0.0527	3.262014e-02	2.533284e-02
0.0527	8.034882e-02	8.221985e-02
0.0527	6.825246e-02	3.175373e-02
0.0527	3.667930e-02	4.289835e-02
0.0527	9.598638e-02	1.090548e-01
0.0527	1.259002e-01	1.077675e-01
0.0527	1.687942e-01	1.298128e-01
0.0527	1.716771e-01	1.441066e-01
0.0527	5.910943e-02	7.290574e-02
0.0527	5.123111e-02	4.978148e-02
0.0527	1.609178e-01	1.210785e-01
0.0527	1.923371e-01	1.690928e-01
0.0527	1.928090e-01	1.505527e-01
0.0527	4.462797e-02	4.900610e-02
0.0527	1.875796e-01	1.337006e-01
0.0527	5.317571e-02	4.877764e-02
0.0527	1.808530e-01	1.705513e-01
0.0527	3.850505e-02	3.780945e-02
0.0527	2.786746e-02	1.867788e-02
0.0527	8.250770e-02	9.991932e-02
0.0527	3.586171e-02	3.371864e-02
0.0527	6.789019e-02	5.720090e-02
0.0527	1.030085e-01	9.111317e-02
0.0527	1.413975e-01	1.283688e-01
0.0527	6.265989e-02	6.375667e-02
0.0527	6.025893e-02	5.449523e-02
0.0527	1.173714e-01	7.716285e-02
0.0527	2.116145e-01	1.616117e-01
0.0527	1.395862e-01	6.583189e-02
0.0527	1.112197e-01	5.546175e-02
0.0527	1.415379e-01	9.470330e-02
0.0527	1.114158e-01	5.416481e-02
0.0527	1.323212e-01	1.175421e-01
0.0527	1.123389e-01	6.296822e-02
0.0527	6.356683e-02	2.676779e-02
0.0527	6.646327e-02	6.352748e-02
0.0527	7.938993e-02	9.386076e-02
0.0527	4.799198e-02	4.648398e-02
0.0527	1.185577e-01	6.893048e-02
0.0527	1.025325e-01	1.105818e-01
0.0527	2.578199e-02	1.726384e-02
0.0527	3.684270e-02	3.329268e-02
0.0527	1.778753e-01	1.319586e-01
0.0527	3.538928e-02	2.116836e-02
0.0527	1.521768e-01	1.030007e-01
0.0527	1.521527e-01	1.053721e-01
0.0527	1.641585e-01	1.602011e-01
0.0527	7.786597e-02	4.029378e-02
0.0527	1.107709e-01	7.023759e-02
0.0527	1.454807e-01	1.420012e-01
0.0527	3.706390e-02	2.830828e-02
0.0527	1.241956e-01	6.405008e-02
0.0527	1.708994e-01	1.486736e-01
0.0527	8.037047e-02	4.101357e-02
0.0527	1.026000e-01	5.884995e-02
0.0527	1.078116e-01	1.071721e-01
0.0527	2.241335e-02	1.128143e-02
0.0527	1.959794e-01	1.728200e-01
0.0527	1.918618e-01	1.587105e-01
0.0527	6.018971e-02	5.426790e-02
0.0527	1.793114e-01	1.718239e-01
0.0527	2.296896e-02	2.166846e-02
0.0527	1.603066e-01	1.221082e-01
0.0527	1.259201e-01	7.877348e-02
0.0527	5.905589e-02	5.655499e-02
0.0527	4.522068e-02	2.994788e-02
0.0527	1.148182e-01	8.400690e-02
0.0527	1.349206e-01	1.064075e-01
0.0527	7.836638e-02	3.647356e-02
0.0527	9.644106e-02	8.350989e-02
0.0527	1.321509e-01	1.060331e-01
0.0527	6.098874e-02	6.146744e-02
0.0527	2.634673e-02	1.699984e-02
0.0527	1.123453e-01	6.031203e-02
0.0527	4.420953e-02	5.809309e-02
0.0527	3.078035e-02	3.590571e-02
0.0527	7.475337e-02	8.136235e-02
0.0527	1.314034e-01	1.067987e-01
0.0527	6.079226e-02	6.195972e-02
0.0527	5.062824e-02	5.278628e-02
0.0527	9.152068e-02	8.328510e-02
0.0527	1.814462e-01	1.320920e-01
0.0527	2.278164e-02	1.692266e-02
0.0527	1.479987e-01	1.489748e-01
0.0527	8.716158e-02	5.107030e-02
0.0527	1.004743e-01	6.480163e-02
0.0527	1.306868e-01	8.757347e-02
0.0527	4.544608e-02	3.409929e-02
0.0527	1.059810e-01	9.612999e-02
0.0527	1.900059e-01	1.714089e-01
0.0527	1.779454e-01	1.400744e-01
0.0527	1.289547e-01	1.339629e-01
0.0527	1.695611e-01	1.479441e-01
0.0527	1.916708e-01	1.403751e-01
0.0527	7.687170e-02	5.581375e-02
0.0527	2.894568e-02	1.787071e-02
0.0527	1.601705e-01	1.232870e-01
0.0527	1.971190e-01	1.597822e-01
0.0527	2.954413e-02	2.258675e-02
0.0527	8.976602e-02	1.019702e-01
0.0527	1.420195e-01	9.238707e-02
0.0527	9.845511e-02	4.566521e-02
0.0527	1.367987e-01	7.678244e-02
0.0527	1.044994e-01	8.084547e-02
0.0527	3.819303e-02	2.187326e-02
0.0527	1.204857e-01	9.307634e-02
0.0527	3.442662e-02	2.551482e-02
0.0527	1.282862e-01	1.363969e-01
0.0527	2.644408e-02	3.158371e-02
0.0527	1.386504e-01	1.414325e-01
0.0527	1.211562e-01	1.099106e-01
0.0527	1.156827e-01	1.146083e-01
0.0527	8.294528e-02	6.471482e-02
0.0527	1.172981e-01	6.906865e-02
0.0527	8.005666e-02	7.616996e-02
0.0527	1.625530e-01	1.441125e-01
0.0527	1.760327e-01	1.403633e-01
0.0527	1.435915e-01	9.231036e-02
0.0527	9.303540e-02	8.194519e-02
0.0527	9.499740e-02	7.814415e-02
0.0527	1.200343e-01	1.166818e-01
0.0527	7.943366e-02	3.740253e-02
0.0527	1.471354e-01	1.411191e-01
0.0527	1.240737e-01	1.100006e-01
0.0527	6.610666e-02	7.587392e-02
0.0527	7.494223e-02	4.622038e-02
0.0527	1.186979e-01	6.965693e-02
0.0527	1.812257e-01	1.695649e-01
0.0527	4.365785e-02	5.207514e-02
0.0527	5.128912e-02	3.944316e-02
0.0527	5.058583e-02	4.693921e-02
0.0527	1.553561e-01	1.031031e-01
0.0527	1.592684e-01	1.218457e-01
0.0527	5.781857e-02	4.900220e-02
0.0527	2.039676e-02	1.610557e-02
0.0527	4.593354e-02	4.646690e-02
0.0527	4.341083e-02	4.611982e-02
0.0527	1.534892e-01	1.369920e-01
0.0527	1.768257e-01	1.664925e-01
0.0527	1.365975e-01	9.904215e-02
0.0527	3.855410e-02	3.570786e-02
0.0527	1.125463e-01	6.992238e-02
0.0527	1.416667e-01	1.257784e-01
0.0527	7.475911e-02	7.782598e-02
0.0527	9.298773e-02	1.090803e-01
0.0527	1.215654e-01	1.381927e-01
0.0527	1.351090e-01	7.172864e-02
0.0527	1.477007e-01	9.170245e-02
0.0527	1.113498e-01	1.115625e-01
0.0527	1.224143e-01	1.010832e-01
0.0527	3.819997e-02	3.897743e-02
0.0527	1.495200e-01	9.279784e-02
0.0527	1.456787e-01	1.297112e-01
0.0527	1.062243e-01	1.060953e-01
0.0527	1.569952e-01	1.142713e-01
0.0527	1.468396e-01	1.234943e-01
0.0527	1.218850e-01	7.261413e-02
0.0527	2.261249e-02	1.025230e-02
0.0527	3.827731e-02	2.721109e-02
0.0527	1.640358e-01	1.153093e-01
0.0527	3.962811e-02	4.847116e-02
0.0527	2.418008e-02	9.179743e-03
0.0527	4.136977e-02	2.533269e-02
0.0527	1.590979e-01	1.664761e-01
0.0527	2.914766e-02	2.099570e-02
0.0527	1.344437e-01	7.723999e-02
0.0527	1.451389e-01	9.251224e-02
0.0527	5.038476e-02	3.393193e-02
0.0527	1.138554e-01	1.092097e-01
0.0527	1.308399e-01	1.153070e-01
0.0527	6.671632e-02	3.609478e-02
0.0527	5.805238e-02	5.589931e-02
0.0527	2.934137e-02	1.715542e-02
0.0527	7.107245e-02	7.636087e-02
0.0527	1.061765e-01	6.765059e-02
0.0527	9.387780e-02	8.652496e-02
0.0527	1.133578e-01	1.151888e-01
0.0527	1.810220e-01	1.670956e-01
0.0527	4.863359e-02	5.163968e-02
0.0527	1.000727e-01	1.044347e-01
0.0527	3.872250e-02	2.266470e-02
0.0527	4.111943e-02	5.210983e-02
0.0527	1.188942e-01	1.238669e-01
0.0527	1.910879e-01	1.727854e-01
0.0527	1.242338e-01	1.317093e-01
0.0527	1.424941e-01	7.680237e-02
0.0527	7.568710e-02	7.363737e-02
0.0527	8.250382e-02	9.096165e-02
0.0527	1.513431e-01	1.212441e-01
0.0527	7.099693e-02	8.024682e-02
0.0527	1.682543e-01	1.160277e-01
0.0527	1.114481e-01	1.011494e-01
0.0527	3.364999e-02	3.754044e-02
0.0527	1.582053e-01	1.452905e-01
0.0527	4.233506e-02	3.898420e-02
0.0527	1.395610e-01	9.549600e-02
0.0527	1.819464e-01	1.543423e-01
0.0527	5.376103e-02	3.398369e-02
0.0527	1.485035e-01	1.004956e-01
0.0527	6.414925e-02	7.505215e-02
0.0527	5.696339e-02	5.522940e-02
0.0527	1.436015e-01	7.228231e-02
0.0527	4.954831e-02	3.838390e-02
0.0527	1.317012e-01	1.325189e-01
0.0527	8.833272e-02	5.651337e-02
0.0527	6.486863e-02	5.563390e-02
0.0527	9.589887e-02	4.567965e-02
0.0527	5.274902e-02	5.095798e-02
0.0527	5.193632e-02	5.171847e-02
0.0527	8.258230e-02	3.733795e-02
0.0527	1.510604e-01	9.668401e-02
0.0527	2.074096e-01	1.789161e-01
0.0527	1.717582e-01	1.620984e-01
0.0527	1.175516e-01	1.023318e-01
0.0527	6.625537e-02	7.862525e-02
0.0527	6.625073e-02	4.961193e-02
0.0527	6.252900e-02	5.127100e-02
0.0527	8.888412e-02	8.047609e-02
0.0527	1.556264e-01	1.261718e-01
0.0527	9.062163e-02	5.413907e-02
0.0527	1.004104e-01	4.403605e-02
0.0527	1.358678e-01	8.465845e-02
0.0527	8.699987e-02	6.193699e-02
0.0527	8.747920e-02	6.689843e-02
0.0527	1.276432e-01	6.528359e-02
0.0527	1.342494e-01	1.271591e-01
0.0527	1.948202e-01	1.673566e-01
0.0527	2.002972e-01	1.574316e-01
0.0527	1.162085e-01	1.165096e-01
0.0527	1.548773e-01	1.012235e-01
0.0527	1.505575e-01	1.452223e-01
0.0527	9.757420e-02	7.046510e-02
0.0527	7.493629e-02	5.559943e-02
0.0527	1.130958e-01	7.259022e-02
0.0527	1.042707e-01	9.346731e-02
0.0527	1.144555e-01	9.751579e-02
0.0527	1.210070e-01	7.095905e-02
0.0527	4.882356e-02	5.377140e-02
0.0527	5.747415e-02	4.492183e-02
0.0527	1.685371e-01	1.223737e-01
0.0527	6.679913e-02	6.288962e-02
0.0527	6.753216e-02	6.321881e-02
0.0527	4.039070e-02	2.994494e-02
0.0527	1.268751e-01	1.163741e-01
0.0527	2.368795e-02	1.145735e-02
0.0527	1.413033e-01	6.523238e-02
0.0527	7.979713e-02	8.658388e-02
0.0527	5.311045e-02	5.904194e-02
0.0527	1.669127e-01	1.410167e-01
0.0527	6.228141e-02	5.692712e-02
0.0527	3.051221e-02	2.595103e-02
0.0527	1.157466e-01	1.129708e-01
0.0527	5.965358e-02	4.895806e-02
0.0527	3.551683e-02	3.318397e-02
0.0527	1.098238e-01	8.789249e-02
0.0527	4.414387e-02	3.801132e-02
0.0527	7.146185e-02	7.749428e-02
0.0527	1.313370e-01	1.363844e-01
0.0527	2.006702e-01	1.485771e-01
0.0527	3.258163e-02	4.438296e-02
0.0527	6.564314e-02	6.013872e-02
0.0527	4.807261e-02	4.604411e-02
0.0527	1.476602e-01	8.904070e-02
0.0527	1.175265e-01	1.216618e-01
0.0527	9.297169e-02	5.981035e-02
0.0527	1.001958e-01	9.165731e-02
0.0527	9.430554e-02	6.324548e-02
0.0527	6.642562e-02	6.169734e-02
0.0527	1.383635e-01	6.675053e-02
0.0527	5.109022e-02	4.809210e-02
0.0527	1.305813e-01	1.011147e-01
0.0527	1.765805e-01	1.385037e-01
0.0527	4.983789e-02	5.898276e-02
0.0527	1.178110e-01	1.278579e-01
0.0527	1.076445e-01	5.021163e-02
0.0527	4.558511e-02	4.753486e-02
0.0527	4.121296e-02	2.840955e-02
0.0527	6.022508e-02	4.923422e-02
0.0527	1.146922e-01	8.407258e-02
0.0527	1.104273e-01	9.125580e-02
0.0527	1.100088e-01	1.114932e-01
0.0527	5.667610e-02	4.098027e-02
0.0527	1.319007e-01	7.795312e-02
0.0527	7.435881e-02	8.644086e-02
0.0527	2.056025e-01	1.513432e-01
0.0527	1.238530e-01	1.076131e-01
0.0527	1.232133e-01	6.067818e-02
0.0527	1.090670e-01	4.971251e-02
0.0527	3.964499e-02	3.905224e-02
0.0527	1.395733e-01	1.412440e-01
0.0527	2.112099e-01	1.674414e-01
0.0527	1.286813e-01	7.068743e-02
0.0527	1.362091e-01	1.438548e-01
0.0527	1.252805e-01	8.683510e-02
0.0527	9.549111e-02	9.095344e-02
0.0527	2.606735e-02	1.793809e-02
0.0527	8.472406e-02	4.559187e-02
0.0527	1.757888e-01	1.412160e-01
0.0527	1.164914e-01	7.007857e-02
0.0527	1.279387e-01	1.229743e-01
0.0527	6.316660e-02	6.730452e-02
0.0527	3.916596e-02	3.918517e-02
0.0527	3.348847e-02	2.609742e-02
0.0527	1.749403e-01	1.464403e-01
0.0527	1.095377e-01	1.260570e-01
0.0527	7.918262e-02	3.785059e-02
0.0527	5.245571e-02	5.686225e-02
0.0527	8.938365e-02	6.309220e-02
0.0527	1.782311e-01	1.211701e-01
0.0527	1.811274e-01	1.761710e-01
0.0527	4.852773e-02	5.576507e-02
0.0527	1.544842e-01	1.490840e-01
0.0527	8.963188e-02	5.943165e-02
0.0527	6.057490e-02	5.180900e-02
0.0527	1.662997e-01	1.426068e-01
0.0527	3.353775e-02	3.309290e-02
0.0527	3.697758e-02	2.865547e-02
0.0527	1.078866e-01	5.437303e-02
0.0527	1.722935e-01	1.672695e-01
0.0527	5.499348e-02	4.033985e-02
0.0527	1.218579e-01	1.327742e-01
0.0527	4.868409e-02	5.799990e-02
0.0527	6.933006e-02	7.313111e-02
0.0527	1.239354e-01	1.284774e-01
0.0527	9.070809e-02	1.032465e-01
0.0527	1.419439e-01	7.125663e-02
0.0527	1.768164e-01	1.450767e-01
0.0527	4.882112e-02	5.602491e-02
0.0527	6.134228e-02	3.506533e-02
0.0527	1.445523e-01	1.505296e-01
0.0527	1.045392e-01	5.380200e-02
0.0527	1.000090e-01	6.187067e-02
0.0527	5.223082e-02	4.898366e-02
0.0527	1.086706e-01	7.102926e-02
0.0527	1.099458e-01	6.047789e-02
0.0527	1.741415e-01	1.222000e-01
0.0527	1.609755e-01	1.207371e-01
0.0527	3.691223e-02	4.240385e-02
0.0527	7.505856e-02	8.328836e-02
0.0527	1.109610e-01	5.492595e-02
0.0527	6.480012e-02	7.041357e-02
0.0527	3.092804e-02	3.816789e-02
0.0527	8.776695e-02	7.936143e-02
0.0527	1.124613e-01	1.148574e-01
0.0527	1.347453e-01	7.674257e-02
0.0527	1.241108e-01	9.395162e-02
0.0527	9.080891e-02	6.961734e-02
0.0527	1.830782e-01	1.736217e-01
0.0527	1.095884e-01	7.271534e-02
0.0527	7.094357e-02	5.003369e-02
0.0527	2.923926e-02	2.576464e-02
0.0527	1.507993e-01	1.316748e-01
0.0527	1.281246e-01	7.938361e-02
0.0527	1.484539e-01	9.165123e-02
0.0527	1.573710e-01	1.126423e-01
0.0527	1.431930e-01	1.505213e-01
0.0527	1.343731e-01	9.022607e-02
0.0527	7.936361e-02	6.105983e-02
0.0527	1.434117e-01	1.219732e-01
0.0527	6.020609e-02	6.342411e-02
0.0527	1.514595e-01	1.476052e-01
0.0527	1.374247e-01	1.274134e-01
0.0527	8.248620e-02	6.184403e-02
0.0527	1.213325e-01	6.936206e-02
0.0527	7.053744e-02	6.400690e-02
0.0527	4.757852e-02	3.664789e-02
0.0527	1.277667e-01	1.201874e-01
0.0527	9.788206e-02	4.825974e-02
0.0527	5.467245e-02	5.669123e-02
0.0527	1.461842e-01	9.116348e-02
0.075	3.142784e-02	2.632595e-02
0.075	1.164764e-01	9.192290e-02
0.075	1.734757e-01	1.357233e-01
0.075	8.241164e-02	6.727346e-02
0.075	2.559892e-02	1.328935e-02
0.075	2.197616e-02	3.068176e-02
0.075	5.123241e-02	5.652523e-02
0.075	5.856799e-02	7.182120e-02
0.075	5.687673e-02	6.331737e-02
0.075	5.231054e-02	5.534153e-02
0.075	1.714590e-01	1.619514e-01
0.075	9.206728e-02	1.018640e-01
0.075	1.878311e-01	1.653385e-01
0.075	1.360428e-01	7.726116e-02
0.075	8.387652e-02	6.475164e-02
0.075	4.370150e-02	4.089651e-02
0.075	1.128071e-01	5.753177e-02
0.075	4.637754e-02	4.018348e-02
0.075	3.452355e-02	3.990146e-02
0.075	1.499008e-01	9.610321e-02
0.075	1.031087e-01	8.308231e-02
0.075	1.000697e-01	1.158197e-01
0.075	5.542750e-02	6.090810e-02
0.075	7.000434e-02	5.978385e-02
0.075	5.092684e-02	4.815531e-02
0.075	9.736607e-02	7.263779e-02
0.075	1.567633e-01	1.078644e-01
0.075	1.038360e-01	1.076984e-01
0.075	9.905813e-02	1.060725e-01
0.075	8.347048e-02	5.331397e-02
0.075	1.641660e-01	1.399879e-01
0.075	2.153638e-01	1.741174e-01
0.075	6.162719e-02	5.236605e-02
0.075	6.720515e-02	4.183023e-02
0.075	8.961091e-02	6.132441e-02
0.075	2.864597e-02	2.047535e-02
0.075	2.035827e-01	1.765231e-01
0.075	3.436182e-02	3.995397e-02
0.075	1.644098e-01	1.158464e-01
0.075	1.909455e-01	1.662123e-01
0.075	1.322374e-01	1.379753e-01
0.075	1.205576e-01	1.095098e-01
0.075	9.908535e-02	5.540505e-02
0.075	6.531324e-02	6.830492e-02
0.075	1.075803e-01	7.567865e-02
0.075	1.489652e-01	1.493771e-01
0.075	1.412742e-01	9.718860e-02
0.075	1.751420e-01	1.484322e-01
0.075	1.452044e-01	8.499019e-02
0.075	3.071927e-02	2.175418e-02
0.075	1.195080e-01	9.024480e-02
0.075	7.478970e-02	7.177562e-02
0.075	6.788282e-02	4.826140e-02
0.075	9.461061e-02	5.442350e-02
0.075	8.822291e-02	1.010899e-01
0.075	8.495864e-02	8.296892e-02
0.075	6.306265e-02	4.251932e-02
0.075	8.513945e-02	5.727265e-02
0.075	8.879949e-02	9.388962e-02
0.075	1.123976e-01	5.744515e-02
0.075	1.052066e-01	1.231729e-01
0.075	1.249884e-01	9.764055e-02
0.075	2.164955e-02	1.212491e-02
0.075	1.491202e-01	1.037901e-01
0.075	1.118532e-01	1.093134e-01
0.075	1.434863e-01	9.838714e-02
0.075	4.375573e-02	3.568910e-02
0.075	1.028056e-01	9.014737e-02
0.075	1.114900e-01	1.139873e-01
0.075	7.814320e-02	4.818105e-02
0.075	1.856689e-01	1.399424e-01
0.075	1.129758e-01	5.519756e-02
0.075	1.137220e-01	1.166338e-01
0.075	5.861701e-02	6.434025e-02
0.075	1.371575e-01	1.416074e-01
0.075	5.853379e-02	5.943790e-02
0.075	9.793051e-02	4.431361e-02
0.075	1.197022e-01	1.293758e-01
0.075	1.444849e-01	1.026976e-01
0.075	1.233103e-01	9.601602e-02
0.075	9.545371e-02	1.060503e-01
0.075	4.938065e-02	5.225155e-02
0.075	1.864687e-01	1.609471e-01
0.075	1.743413e-01	1.167665e-01
0.075	1.637251e-01	1.227983e-01
0.075	8.671696e-02	6.982085e-02
0.075	7.376662e-02	8.781887e-02
0.075	6.779248e-02	5.688788e-02
0.075	3.296356e-02	2.600860e-02
0.075	1.775070e-01	1.500392e-01
0.075	2.123952e-01	1.720809e-01
0.075	3.646454e-02	5.285301e-02
0.075	1.545509e-01	1.597520e-01
0.075	9.609351e-02	5.641368e-02
0.075	6.234791e-02	5.903893e-02
0.075	3.284485e-02	2.915240e-02
0.075	1.161368e-01	6.004413e-02
0.075	2.575482e-02	1.692080e-02
0.075	1.154991e-01	5.324883e-02
0.075	1.684609e-01	1.124032e-01
0.075	1.760732e-01	1.536128e-01
0.075	6.528684e-02	7.410162e-02
0.075	2.795027e-02	4.558617e-02
0.075	7.359466e-02	8.009162e-02
0.075	2.980240e-02	2.731408e-02
0.075	4.686328e-02	5.161632e-02
0.075	1.212743e-01	9.901317e-02
0.075	7.993477e-02	5.872480e-02
0.075	1.578185e-01	1.112384e-01
0.075	1.134987e-01	8.903946e-02
0.075	2.988307e-02	2.456244e-02
0.075	1.146088e-01	5.108936e-02
0.075	4.281081e-02	3.113570e-02
0.075	8.636060e-02	8.012175e-02
0.075	6.030694e-02	6.797726e-02
0.075	1.784959e-01	1.672727e-01
0.075	9.074978e-02	6.209950e-02
0.075	4.848123e-02	5.213430e-02
0.075	3.776114e-02	2.474975e-02
0.075	2.046137e-01	1.823961e-01
0.075	4.542949e-02	4.567839e-02
0.075	9.054117e-02	4.242033e-02
0.075	2.529613e-02	1.048563e-02
0.075	6.632887e-02	6.225560e-02
0.075	7.591045e-02	7.301327e-02
0.075	6.952390e-02	4.180091e-02
0.075	2.163875e-01	1.705331e-01
0.075	1.487301e-01	1.079428e-01
0.075	3.928412e-02	3.747169e-02
0.075	1.261909e-01	6.991822e-02
0.075	4.492512e-02	4.953852e-02
0.075	9.328234e-02	4.464952e-02
0.075	1.606157e-01	1.554488e-01
0.075	4.396587e-02	5.199885e-02
0.075	1.652863e-01	1.420935e-01
0.075	8.110112e-02	9.627133e-02
0.075	2.151100e-02	1.796297e-02
0.075	1.060924e-01	5.572699e-02
0.075	5.896394e-02	6.019982e-02
0.075	1.053258e-01	9.484347e-02
0.075	6.878563e-02	7.138218e-02
0.075	8.393830e-02	3.709169e-02
0.075	8.941726e-02	6.161704e-02
0.075	7.190993e-02	7.787060e-02
0.075	4.084176e-02	4.186928e-02
0.075	1.824203e-01	1.638585e-01
0.075	2.809904e-02	1.682491e-02
0.075	1.366328e-01	1.494167e-01
0.075	4.693971e-02	5.782918e-02
0.075	4.542723e-02	5.674568e-02
0.075	1.542176e-01	1.104677e-01
0.075	2.082585e-01	1.652476e-01
0.075	1.195948e-01	7.269707e-02
0.075	3.403206e-02	2.980890e-02
0.075	1.063660e-01	1.171839e-01
0.075	1.268291e-01	1.288279e-01
0.075	8.480540e-02	5.696742e-02
0.075	1.281775e-01	1.247703e-01
0.075	1.226849e-01	7.649994e-02
0.075	1.183362e-01	6.306704e-02
0.075	1.690982e-01	1.175081e-01
0.075	1.514045e-01	1.634348e-01
0.075	7.109542e-02	5.727587e-02
0.075	1.751777e-01	1.402841e-01
0.075	8.028170e-02	5.524709e-02
0.075	1.201701e-01	7.142550e-02
0.075	1.370249e-01	8.237187e-02
0.075	1.022654e-01	8.964507e-02
0.075	1.376804e-01	1.339976e-01
0.075	1.844302e-01	1.298861e-01
0.075	1.406264e-01	1.115295e-01
0.075	1.049527e-01	1.084773e-01
0.075	1.697955e-01	1.418110e-01
0.075	1.003637e-01	1.103200e-01
0.075	5.342810e-02	4.866956e-02
0.075	4.028464e-02	3.164039e-02
0.075	5.565388e-02	4.749093e-02
0.075	5.977275e-02	5.370429e-02
0.075	1.706766e-01	1.623568e-01
0.075	3.200951e-02	2.764631e-02
0.075	1.156163e-01	8.660776e-02
0.075	2.479010e-02	8.518584e-03
0.075	1.160278e-01	7.809264e-02
0.075	3.357641e-02	2.587437e-02
0.075	1.086030e-01	9.683348e-02
0.075	1.324805e-01	1.008661e-01
0.075	1.082781e-01	5.948864e-02
0.075	9.694844e-02	8.740519e-02
0.075	1.029496e-01	1.091242e-01
0.075	1.139683e-01	1.192108e-01
0.075	1.388843e-01	8.712819e-02
0.075	1.327368e-01	6.892662e-02
0.075	1.855135e-01	1.482242e-01
0.075	1.096930e-01	8.825077e-02
0.075	9.437556e-02	4.381704e-02
0.075	1.574216e-01	1.313306e-01
0.075	1.288382e-01	8.774214e-02
0.075	5.944967e-02	5.918543e-02
0.075	1.216144e-01	6.242032e-02
0.075	1.166686e-01	1.084770e-01
0.075	6.364008e-02	6.360787e-02
0.075	1.716434e-01	1.184205e-01
0.075	1.553759e-01	1.038285e-01
0.075	3.956390e-02	2.768247e-02
0.075	8.755818e-02	4.924607e-02
0.075	2.143634e-01	1.659550e-01
0.075	8.470365e-02	8.397292e-02
0.075	6.865411e-02	6.506305e-02
0.075	1.687319e-01	1.475147e-01
0.075	1.427184e-01	1.103428e-01
0.075	1.099087e-01	1.282494e-01
0.075	1.153675e-01	1.316778e-01
0.075	3.870845e-02	3.637987e-02
0.075	1.212634e-01	6.863786e-02
0.075	1.762385e-01	1.632122e-01
0.075	9.330843e-02	9.576918e-02
0.075	1.222140e-01	8.246279e-02
0.075	1.127438e-01	8.587229e-02
0.075	6.321460e-02	3.395184e-02
0.075	1.463212e-01	1.059198e-01
0.075	7.197959e-02	8.198488e-02
0.075	1.404455e-01	1.390331e-01
0.075	1.768913e-01	1.671985e-01
0.075	4.622501e-02	3.608314e-02
0.075	3.020622e-02	3.026617e-02
0.075	5.766506e-02	5.046725e-02
0.075	2.925228e-02	2.534088e-02
0.075	6.029025e-02	6.544259e-02
0.075	1.364219e-01	1.327393e-01
0.075	1.535128e-01	1.102578e-01
0.075	5.430552e-02	6.301654e-02
0.075	5.108672e-02	5.252742e-02
0.075	5.124150e-02	4.764870e-02
0.075	9.011220e-02	7.305829e-02
0.075	7.195357e-02	6.096587e-02
0.075	1.598499e-01	1.091315e-01
0.075	1.866041e-01	1.607689e-01
0.075	1.530864e-01	1.101151e-01
0.075	3.757963e-02	2.954572e-02
0.075	1.909191e-01	1.761707e-01
0.075	1.812127e-01	1.387344e-01
0.075	1.170247e-01	1.173310e-01
0.075	6.456660e-02	4.721194e-02
0.075	1.921975e-01	1.712397e-01
0.075	9.546455e-02	1.052043e-01
0.075	1.457161e-01	1.037629e-01
0.075	6.923422e-02	5.116590e-02
0.075	7.561387e-02	5.131346e-02
0.075	9.205176e-02	9.397685e-02
0.075	1.291085e-01	8.635766e-02
0.075	9.426935e-02	1.096195e-01
0.075	5.446710e-02	5.374614e-02
0.075	1.964823e-01	1.690870e-01
0.075	1.611722e-01	1.197884e-01
0.075	4.701418e-02	3.584390e-02
0.075	2.945557e-02	1.798850e-02
0.075	1.268844e-01	1.070836e-01
0.075	1.723206e-01	1.545556e-01
0.075	2.845719e-02	1.889445e-02
0.075	1.116234e-01	6.782609e-02
0.075	8.680874e-02	6.500393e-02
0.075	9.274293e-02	7.023204e-02
0.075	1.280737e-01	7.074420e-02
0.075	1.236655e-01	1.110074e-01
0.075	1.059424e-01	6.705200e-02
0.075	7.438587e-02	7.851469e-02
0.075	4.634656e-02	5.193560e-02
0.075	2.042898e-01	1.775837e-01
0.075	1.836720e-01	1.696794e-01
0.075	1.410720e-01	9.788479e-02
0.075	1.110937e-01	6.136757e-02
0.075	4.670446e-02	4.708234e-02
0.075	8.449892e-02	7.924001e-02
0.075	1.552217e-01	1.354208e-01
0.075	1.785863e-01	1.663230e-01
0.075	2.547675e-02	1.404518e-02
0.075	1.487593e-01	1.116462e-01
0.075	5.296391e-02	4.448425e-02
0.075	3.458309e-02	4.623493e-02
0.075	1.357610e-01	1.221251e-01
0.075	8.316393e-02	5.730928e-02
0.075	1.539699e-01	1.123447e-01
0.075	1.463315e-01	1.224540e-01
0.075	1.656248e-01	1.566977e-01
0.075	8.004160e-02	6.525807e-02
0.075	3.254433e-02	2.674605e-02
0.075	6.773844e-02	7.661250e-02
0.075	1.193619e-01	7.085201e-02
0.075	6.809087e-02	7.985413e-02
0.075	3.193765e-02	2.911452e-02
0.075	1.524540e-01	1.004202e-01
0.075	8.433781e-02	8.910360e-02
0.075	1.264691e-01	8.407156e-02
0.075	2.044851e-01	1.736964e-01
0.075	7.308022e-02	8.287326e-02
0.075	5.021874e-02	5.112105e-02
0.075	5.624273e-02	5.746891e-02
0.075	1.326325e-01	7.483976e-02
0.075	1.117117e-01	7.087408e-02
0.075	1.361642e-01	1.057694e-01
0.075	4.334182e-02	5.334619e-02
0.075	6.237247e-02	5.286382e-02
0.075	1.886355e-01	1.641766e-01
0.075	1.114041e-01	7.061217e-02
0.075	1.140187e-01	1.084031e-01
0.075	3.391808e-02	2.022084e-02
0.075	3.318977e-02	1.788358e-02
0.075	1.776789e-01	1.279624e-01
0.075	1.366463e-01	1.393579e-01
0.075	1.689093e-01	1.656513e-01
0.075	1.646778e-01	1.153166e-01
0.075	3.989002e-02	3.751481e-02
0.075	8.770522e-02	6.118469e-02
0.075	1.175675e-01	1.025309e-01
0.075	3.538375e-02	3.995453e-02
0.075	1.202465e-01	7.559187e-02
0.075	1.054762e-01	1.149476e-01
0.075	5.884386e-02	3.981605e-02
0.075	9.755373e-02	6.983669e-02
0.075	1.970946e-01	1.541762e-01
0.075	9.228405e-02	6.543326e-02
0.075	1.984454e-01	1.808417e-01
0.075	1.891583e-01	1.716055e-01
0.075	9.527205e-02	9.319816e-02
0.075	6.665799e-02	6.402138e-02
0.075	1.132582e-01	5.587981e-02
0.075	1.194706e-01	1.333076e-01
0.075	6.354849e-02	5.750772e-02
0.075	4.049724e-02	3.482769e-02
0.075	4.642559e-02	3.112087e-02
0.075	1.970163e-01	1.433053e-01
0.075	8.665330e-02	7.940158e-02
0.075	1.469670e-01	1.101638e-01
0.075	1.621170e-01	1.400008e-01
0.075	1.434629e-01	1.160541e-01
0.075	2.838396e-02	1.246014e-02
0.075	7.250956e-02	3.800010e-02
0.075	1.435486e-01	1.201725e-01
0.075	6.525676e-02	6.229782e-02
0.075	4.083597e-02	4.461240e-02
0.075	7.473135e-02	7.693483e-02
0.075	8.064223e-02	3.983339e-02
0.075	1.141371e-01	5.725966e-02
0.075	9.363967e-02	1.059748e-01
0.075	5.350798e-02	6.507505e-02
0.075	1.472611e-01	7.261424e-02
0.075	4.225273e-02	3.383734e-02
0.075	1.263699e-01	9.731984e-02
0.075	9.053303e-02	1.018551e-01
0.075	3.304085e-02	2.692539e-02
0.075	1.836166e-01	1.548086e-01
0.075	4.432788e-02	3.263789e-02
0.075	1.868794e-01	1.540809e-01
0.075	8.815898e-02	7.507455e-02
0.075	9.965006e-02	6.898648e-02
0.075	1.031304e-01	6.144596e-02
0.075	8.250293e-02	5.295035e-02
0.075	1.499162e-01	1.497952e-01
0.075	4.986321e-02	4.323606e-02
0.075	1.070224e-01	6.289137e-02
0.075	8.787100e-02	9.326240e-02
0.075	5.957110e-02	5.993845e-02
0.075	1.138042e-01	1.206884e-01
0.075	5.274237e-02	5.386486e-02
0.075	1.866591e-01	1.780366e-01
0.075	8.359247e-02	8.056152e-02
0.075	1.402422e-01	7.503583e-02
0.075	9.921424e-02	6.006553e-02
0.075	6.521495e-02	6.085539e-02
0.075	6.167155e-02	7.661452e-02
0.075	1.254703e-01	5.019651e-02
0.075	1.695888e-01	1.195376e-01
0.075	4.254314e-02	5.699578e-02
0.075	6.664946e-02	5.356596e-02
0.075	1.672455e-01	1.270918e-01
0.075	1.375919e-01	1.213138e-01
0.075	3.182972e-02	1.910061e-02
0.075	1.513919e-01	1.549771e-01
0.075	4.819517e-02	6.064414e-02
0.075	9.442586e-02	5.574509e-02
0.075	1.341570e-01	8.555349e-02
0.075	2.126730e-01	1.824570e-01
0.075	1.239551e-01	1.173254e-01
0.075	1.213015e-01	6.864046e-02
0.075	1.984766e-01	1.740252e-01
0.075	9.260418e-02	5.604132e-02
0.075	1.047580e-01	6.136928e-02
0.075	9.378195e-02	9.177261e-02
0.075	6.677486e-02	5.173092e-02
0.075	1.458600e-01	7.598059e-02
0.075	9.852586e-02	7.740249e-02
0.075	1.216361e-01	6.954048e-02
0.075	2.546481e-02	3.917375e-02
0.075	1.463345e-01	1.309568e-01
0.075	1.182849e-01	1.221598e-01
0.075	8.969622e-02	1.045148e-01
0.075	4.370400e-02	3.109997e-02
0.075	2.988493e-02	1.832372e-02
0.075	8.386672e-02	6.921240e-02
0.075	9.376882e-02	1.011191e-01
0.1	3.242998e-02	3.121595e-02
0.1	4.229696e-02	3.788615e-02
0.1	8.045888e-02	7.947374e-02
0.1	1.536264e-01	1.215630e-01
0.1	1.288127e-01	7.612785e-02
0.1	1.931943e-01	1.556625e-01
0.1	1.148118e-01	5.787590e-02
0.1	1.178748e-01	4.867070e-02
0.1	3.716859e-02	3.264024e-02
0.1	1.106309e-01	6.157939e-02
0.1	6.039554e-02	5.849283e-02
0.1	9.168084e-02	6.119724e-02
0.1	1.244163e-01	1.268123e-01
0.1	8.387067e-02	8.110505e-02
0.1	9.925685e-02	5.252976e-02
0.1	1.365523e-01	8.005455e-02
0.1	9.897012e-02	7.614494e-02
0.1	5.802185e-02	5.854882e-02
0.1	1.815358e-01	1.638945e-01
0.1	7.537406e-02	6.404235e-02
0.1	8.895502e-02	6.479014e-02
0.1	3.216649e-02	2.787820e-02
0.1	5.246321e-02	5.519185e-02
0.1	1.153828e-01	6.512689e-02
0.1	1.031873e-01	4.602412e-02
0.1	7.069725e-02	6.573581e-02
0.1	6.429950e-02	2.911808e-02
0.1	4.821546e-02	3.341607e-02
0.1	1.105889e-01	5.631550e-02
0.1	1.540066e-01	1.182481e-01
0.1	1.770626e-01	1.463524e-01
0.1	1.763969e-01	1.715821e-01
0.1	7.253198e-02	5.895276e-02
0.1	6.833531e-02	7.844091e-02
0.1	1.095796e-01	1.125744e-01
0.1	5.013495e-02	5.076937e-02
0.1	4.473688e-02	4.646032e-02
0.1	5.363321e-02	3.548815e-02
0.1	8.314650e-02	5.877651e-02
0.1	1.389315e-01	1.049607e-01
0.1	1.280303e-01	7.147839e-02
0.1	1.168736e-01	8.855208e-02
0.1	7.611132e-02	7.210415e-02
0.1	2.084511e-01	1.816583e-01
0.1	1.093845e-01	1.100041e-01
0.1	9.770185e-02	1.064340e-01
0.1	1.128699e-01	8.625298e-02
0.1	1.498653e-01	1.533146e-01
0.1	5.351777e-02	5.868124e-02
0.1	1.069384e-01	7.606870e-02
0.1	3.858983e-02	2.935216e-02
0.1	1.448785e-01	8.210415e-02
0.1	7.939003e-02	7.456315e-02
0.1	6.059118e-02	4.342326e-02
0.1	4.584323e-02	4.616433e-02
0.1	1.160047e-01	5.048923e-02
0.1	6.241906e-02	6.341305e-02
0.1	1.211061e-01	1.259989e-01
0.1	4.370256e-02	4.865649e-02
0.1	1.699403e-01	1.310592e-01
0.1	1.070831e-01	1.173334e-01
0.1	2.246461e-02	1.418479e-02
0.1	1.143664e-01	1.017285e-01
0.1	1.073001e-01	1.155067e-01
0.1	1.956400e-01	1.768204e-01
0.1	7.091797e-02	6.239803e-02
0.1	1.045783e-01	1.098610e-01
0.1	9.174909e-02	1.004205e-01
0.1	6.366533e-02	5.194576e-02
0.1	1.165226e-01	6.971987e-02
0.1	1.029436e-01	8.727938e-02
0.1	6.157968e-02	6.709459e-02
0.1	1.416611e-01	1.074395e-01
0.1	2.647805e-02	1.894684e-02
0.1	1.752501e-01	1.519486e-01
0.1	1.062516e-01	5.529299e-02
0.1	9.845666e-02	8.037547e-02
0.1	1.145697e-01	5.077730e-02
0.1	1.643728e-01	1.313643e-01
0.1	1.806812e-01	1.527311e-01
0.1	9.445659e-02	1.050299e-01
0.1	8.991686e-02	9.674496e-02
0.1	7.048325e-02	8.008080e-02
0.1	1.569391e-01	1.023215e-01
0.1	1.914362e-01	1.388653e-01
0.1	1.398048e-01	7.569699e-02
0.1	1.100846e-01	1.134068e-01
0.1	1.308638e-01	7.211155e-02
0.1	1.973365e-01	1.761714e-01
0.1	4.848790e-02	4.549706e-02
0.1	3.456539e-02	2.007427e-02
0.1	4.408096e-02	5.100751e-02
0.1	4.119748e-02	3.380451e-02
0.1	6.569577e-02	5.630737e-02
0.1	1.683286e-01	1.652830e-01
0.1	3.639497e-02	4.768637e-02
0.1	1.381578e-01	6.958961e-02
0.1	5.144911e-02	3.301381e-02
0.1	6.519191e-02	7.547596e-02
0.1	1.978487e-01	1.657814e-01
0.1	6.322326e-02	6.251351e-02
0.1	4.984338e-02	6.267522e-02
0.1	8.074937e-02	8.933393e-02
0.1	1.111393e-01	7.976809e-02
0.1	1.257956e-01	1.074422e-01
0.1	1.272682e-01	7.457740e-02
0.1	2.607038e-02	1.668651e-02
0.1	1.502468e-01	1.188304e-01
0.1	7.636358e-02	8.282286e-02
0.1	9.268299e-02	8.555431e-02
0.1	1.369660e-01	9.912351e-02
0.1	1.433839e-01	1.104002e-01
0.1	4.632138e-02	4.900704e-02
0.1	8.857555e-02	5.286115e-02
0.1	1.049161e-01	5.671572e-02
0.1	1.259213e-01	1.021848e-01
0.1	5.042648e-02	4.959861e-02
0.1	1.534859e-01	9.616897e-02
0.1	1.597938e-01	1.039181e-01
0.1	1.326680e-01	1.319396e-01
0.1	3.591237e-02	2.966982e-02
0.1	1.162638e-01	7.491428e-02
0.1	8.069787e-02	6.319429e-02
0.1	3.172752e-02	4.482901e-02
0.1	1.665138e-01	1.186482e-01
0.1	1.455485e-01	1.163860e-01
0.1	8.802876e-02	5.741381e-02
0.1	1.444872e-01	1.441997e-01
0.1	1.447291e-01	8.602966e-02
0.1	2.078375e-01	1.756706e-01
0.1	1.009281e-01	8.701373e-02
0.1	5.113563e-02	3.795493e-02
0.1	1.437620e-01	1.241427e-01
0.1	3.333523e-02	2.032337e-02
0.1	5.228561e-02	3.842325e-02
0.1	6.715966e-02	6.458153e-02
0.1	7.759292e-02	8.282349e-02
0.1	1.660463e-01	1.249015e-01
0.1	1.251785e-01	6.055310e-02
0.1	7.486024e-02	6.521370e-02
0.1	7.313850e-02	6.953907e-02
0.1	1.334609e-01	9.278680e-02
0.1	5.550272e-02	4.582624e-02
0.1	1.307649e-01	1.105637e-01
0.1	1.498211e-01	1.116508e-01
0.1	1.515550e-01	1.565412e-01
0.1	1.915947e-01	1.660957e-01
0.1	7.438348e-02	6.474118e-02
0.1	1.342040e-01	6.086467e-02
0.1	4.999761e-02	2.948906e-02
0.1	8.562133e-02	6.354846e-02
0.1	5.232381e-02	5.490763e-02
0.1	6.931355e-02	4.375820e-02
0.1	3.465338e-02	2.043416e-02
0.1	6.207405e-02	6.754476e-02
0.1	8.244722e-02	3.854627e-02
0.1	8.480632e-02	9.711301e-02
0.1	1.359040e-01	1.190195e-01
0.1	1.353658e-01	1.442922e-01
0.1	5.295302e-02	3.627127e-02
0.1	1.210360e-01	7.919472e-02
0.1	1.352586e-01	1.315183e-01
0.1	1.567061e-01	1.567876e-01
0.1	5.515490e-02	7.031609e-02
0.1	5.983028e-02	2.736669e-02
0.1	1.184062e-01	1.090915e-01
0.1	1.040949e-01	5.228579e-02
0.1	7.301608e-02	6.262339e-02
0.1	1.006284e-01	6.840784e-02
0.1	1.331454e-01	1.397892e-01
0.1	1.996260e-01	1.754403e-01
0.1	6.317301e-02	3.532840e-02
0.1	1.148613e-01	1.094458e-01
0.1	6.657454e-02	8.070374e-02
0.1	1.443628e-01	1.511981e-01
0.1	1.413374e-01	1.438312e-01
0.1	5.167736e-02	3.466951e-02
0.1	6.319941e-02	6.631020e-02
0.1	8.689249e-02	6.100245e-02
0.1	3.881892e-02	2.854894e-02
0.1	1.134358e-01	7.107819e-02
0.1	1.814437e-01	1.395473e-01
0.1	1.289570e-01	5.758964e-02
0.1	1.779484e-01	1.665280e-01
0.1	3.239810e-02	2.701558e-02
0.1	2.678710e-02	2.437473e-02
0.1	1.829114e-01	1.646442e-01
0.1	1.463538e-01	1.120388e-01
0.1	3.054318e-02	1.618406e-02
0.1	8.948633e-02	6.452862e-02
0.1	1.391569e-01	6.498112e-02
0.1	1.250308e-01	1.150511e-01
0.1	2.391556e-02	2.290936e-02
0.1	1.351535e-01	7.964994e-02
0.1	9.444669e-02	6.819106e-02
0.1	1.153624e-01	7.061650e-02
0.1	2.066720e-01	1.647881e-01
0.1	3.345685e-02	3.078492e-02
0.1	1.264632e-01	8.170583e-02
0.1	1.724977e-01	1.667230e-01
0.1	6.600408e-02	6.162435e-02
0.1	4.110217e-02	2.910134e-02
0.1	1.914859e-01	1.798173e-01
0.1	9.052748e-02	8.310437e-02
0.1	6.678377e-02	5.578738e-02
0.1	4.955718e-02	3.938740e-02
0.1	8.515292e-02	6.587268e-02
0.1	5.216027e-02	5.508547e-02
0.1	5.643419e-02	5.757168e-02
0.1	6.600536e-02	5.058195e-02
0.1	1.273072e-01	5.816855e-02
0.1	1.449223e-01	1.039179e-01
0.1	1.339371e-01	8.440138e-02
0.1	4.976058e-02	5.316036e-02
0.1	2.676401e-02	2.034177e-02
0.1	4.369044e-02	4.065061e-02
0.1	1.421905e-01	1.055351e-01
0.1	1.239946e-01	1.383188e-01
0.1	1.139517e-01	1.073512e-01
0.1	3.504615e-02	4.186228e-02
0.1	9.063608e-02	9.920856e-02
0.1	1.066364e-01	8.388586e-02
0.1	2.014767e-01	1.783525e-01
0.1	9.952453e-02	1.024941e-01
0.1	1.023521e-01	7.408731e-02
0.1	1.457859e-01	1.181946e-01
0.1	5.113929e-02	4.604510e-02
0.1	1.306117e-01	8.063170e-02
0.1	2.714019e-02	2.739145e-02
0.1	1.318174e-01	1.193606e-01
0.1	4.449771e-02	4.243068e-02
0.1	4.644625e-02	5.418240e-02
0.1	1.455904e-01	9.148246e-02
0.1	4.491394e-02	5.079635e-02
0.1	3.409190e-02	3.120542e-02
0.1	9.133029e-02	6.337664e-02
0.1	7.434781e-02	7.724306e-02
0.1	4.496219e-02	4.580461e-02
0.1	1.158707e-01	6.577758e-02
0.1	1.506706e-01	9.150236e-02
0.1	7.003062e-02	7.867767e-02
0.1	1.042842e-01	8.957246e-02
0.1	8.458915e-02	5.681482e-02
0.1	6.686761e-02	4.822573e-02
0.1	4.494524e-02	4.987751e-02
0.1	5.988910e-02	5.202959e-02
0.1	1.266532e-01	9.710106e-02
0.1	1.503107e-01	1.541087e-01
0.1	9.141603e-02	5.832364e-02
0.1	2.038970e-01	1.702548e-01
0.1	9.976864e-02	1.038077e-01
0.1	3.227574e-02	3.140844e-02
0.1	7.386652e-02	7.444923e-02
0.1	4.580103e-02	2.452531e-02
0.1	3.600773e-02	3.752241e-02
0.1	1.839978e-01	1.504928e-01
0.1	1.870284e-01	1.310466e-01
0.1	1.802541e-01	1.630049e-01
0.1	9.080691e-02	9.633316e-02
0.1	1.095272e-01	1.263819e-01
0.1	1.082826e-01	9.775838e-02
0.1	4.691448e-02	2.733767e-02
0.1	1.304498e-01	8.177982e-02
0.1	5.497438e-02	5.316162e-02
0.1	8.966822e-02	7.583077e-02
0.1	1.481090e-01	1.419303e-01
0.1	9.462269e-02	8.503215e-02
0.1	1.972509e-01	1.710755e-01
0.1	4.991769e-02	2.935425e-02
0.1	1.448753e-01	8.530272e-02
0.1	2.189803e-02	1.118683e-02
0.1	1.395606e-01	1.072273e-01
0.1	1.143605e-01	1.050485e-01
0.1	1.547149e-01	1.468939e-01
0.1	1.673391e-01	1.464476e-01
0.1	8.067939e-02	7.926004e-02
0.1	2.471117e-02	6.563679e-03
0.1	1.323697e-01	7.146058e-02
0.1	3.690504e-02	4.123622e-02
0.1	1.631521e-01	1.139447e-01
0.1	4.987744e-02	2.318411e-02
0.1	1.345767e-01	9.583407e-02
0.1	9.812681e-02	8.924437e-02
0.1	4.067304e-02	2.205424e-02
0.1	1.158831e-01	7.176684e-02
0.1	7.255985e-02	5.974942e-02
0.1	1.573687e-01	1.172325e-01
0.1	1.139982e-01	6.109637e-02
0.1	2.049986e-01	1.518580e-01
0.1	2.502412e-02	1.001665e-02
0.1	1.468701e-01	1.015248e-01
0.1	1.539112e-01	9.654086e-02
0.1	1.663810e-01	1.414608e-01
0.1	6.481547e-02	3.518568e-02
0.1	1.051492e-01	7.009890e-02
0.1	7.347560e-02	5.817709e-02
0.1	1.330315e-01	7.592378e-02
0.1	9.009483e-02	5.919798e-02
0.1	1.336800e-01	8.706316e-02
0.1	1.678111e-01	1.354699e-01
0.1	2.198745e-02	9.187514e-03
0.1	3.296013e-02	3.331747e-02
0.1	8.677309e-02	7.253600e-02
0.1	1.804283e-01	1.741870e-01
0.1	5.560442e-02	6.339976e-02
0.1	1.468136e-01	1.535319e-01
0.1	8.823696e-02	8.294550e-02
0.1	6.432089e-02	7.117413e-02
0.1	1.475690e-01	9.843746e-02
0.1	1.032084e-01	9.530991e-02
0.1	1.199068e-01	6.788507e-02
0.1	4.857892e-02	5.350721e-02
0.1	1.392030e-01	1.389536e-01
0.1	9.851845e-02	1.093759e-01
0.1	1.271688e-01	1.352644e-01
0.1	7.482892e-02	5.971625e-02
0.1	1.119081e-01	1.051170e-01
0.1	1.503926e-01	8.208483e-02
0.1	3.880627e-02	3.797900e-02
0.1	1.395163e-01	9.344923e-02
0.1	7.344541e-02	6.324971e-02
0.1	6.799208e-02	6.057572e-02
0.1	1.689242e-01	1.357522e-01
0.1	1.654279e-01	1.519013e-01
0.1	1.779597e-01	1.580227e-01
0.1	1.710944e-01	1.231696e-01
0.1	1.079104e-01	9.087901e-02
0.1	1.059170e-01	8.974174e-02
0.1	1.329402e-01	7.338027e-02
0.1	1.676133e-01	1.170742e-01
0.1	1.357919e-01	1.345827e-01
0.1	5.619985e-02	5.514783e-02
0.1	1.858321e-01	1.389766e-01
0.1	2.710298e-02	2.067753e-02
0.1	9.163577e-02	7.684928e-02
0.1	1.550489e-01	1.135852e-01
0.1	8.130745e-02	9.503225e-02
0.1	9.527529e-02	4.796015e-02
0.1	2.749794e-02	1.142783e-02
0.1	1.064304e-01	6.737753e-02
0.1	1.315342e-01	8.506056e-02
0.1	2.111790e-01	1.675705e-01
0.1	8.394458e-02	7.609083e-02
0.1	6.614878e-02	7.806444e-02
0.1	7.581061e-02	8.673232e-02
0.1	1.728285e-01	1.551521e-01
0.1	1.446501e-01	8.496854e-02
0.1	1.799429e-01	1.657497e-01
0.1	5.707684e-02	5.107323e-02
0.1	1.650177e-01	1.075610e-01
0.1	1.125755e-01	9.969149e-02
0.1	4.605355e-02	4.824541e-02
0.1	1.368292e-01	8.874682e-02
0.1	1.397470e-01	8.464304e-02
0.1	1.070578e-01	1.129816e-01
0.1	1.056950e-01	7.062816e-02
0.1	1.617185e-01	1.136788e-01
0.1	1.185119e-01	1.283964e-01
0.1	3.203398e-02	2.190518e-02
0.1	4.609301e-02	5.511594e-02
0.1	1.845442e-01	1.358394e-01
0.1	6.269038e-02	3.195237e-02
0.1	1.340132e-01	1.094748e-01
0.1	1.703935e-01	1.394964e-01
0.1	2.103893e-01	1.777942e-01
0.1	9.111531e-02	8.471985e-02
0.1	5.194146e-02	5.035922e-02
0.1	1.224687e-01	9.472987e-02
0.1	8.086853e-02	7.564746e-02
0.1	9.851036e-02	5.583085e-02
0.1	1.039363e-01	1.102791e-01
0.1	1.238229e-01	6.016026e-02
0.1	1.264460e-01	8.995943e-02
0.1	2.360830e-02	2.976498e-02
0.1	1.347485e-01	8.966664e-02
0.1	1.630188e-01	1.431378e-01
0.1	4.996888e-02	4.224408e-02
0.1	8.808486e-02	4.537707e-02
0.1	7.286313e-02	4.856840e-02
0.1	1.304803e-01	7.775320e-02
0.1	4.832545e-02	5.357647e-02
0.1	8.652829e-02	6.628828e-02
0.1	1.040084e-01	8.405947e-02
0.1	5.856068e-02	4.509180e-02
0.1	3.940038e-02	3.447758e-02
0.1	4.868042e-02	3.622631e-02
0.1	7.378259e-02	7.919614e-02
0.1	8.203271e-02	6.764553e-02
0.1	2.790271e-02	1.639748e-02
0.1	2.072744e-02	2.264183e-02
0.1	3.411432e-02	3.008866e-02
0.1	4.039233e-02	3.860777e-02
0.1	1.090891e-01	9.524420e-02
0.1	1.629222e-01	1.531418e-01
0.1	2.801236e-02	4.746870e-02
0.1	1.626999e-01	1.608568e-01
0.1	8.783137e-02	7.480623e-02
0.1	6.009982e-02	6.355429e-02
0.1	1.882867e-01	1.279163e-01
0.1	1.443073e-01	8.145273e-02
0.15	3.119789e-02	2.526385e-02
0.15	1.564144e-01	1.013407e-01
0.15	4.310895e-02	2.995190e-02
0.15	1.058314e-01	6.889798e-02
0.15	1.449269e-01	7.124077e-02
0.15	9.729339e-02	1.075388e-01
0.15	1.442211e-01	7.443849e-02
0.15	1.058445e-01	1.014971e-01
0.15	7.580243e-02	8.072468e-02
0.15	1.630286e-01	1.582245e-01
0.15	1.799306e-01	1.581953e-01
0.15	1.065383e-01	4.664548e-02
0.15	1.165985e-01	5.947754e-02
0.15	1.027224e-01	1.065716e-01
0.15	1.146723e-01	1.166355e-01
0.15	1.143740e-01	1.121711e-01
0.15	1.328514e-01	8.805719e-02
0.15	4.405520e-02	4.523424e-02
0.15	2.459430e-02	1.940617e-02
0.15	8.480119e-02	9.196485e-02
0.15	1.491073e-01	1.368889e-01
0.15	9.835510e-02	3.971642e-02
0.15	1.351804e-01	1.129509e-01
0.15	1.503580e-01	1.084582e-01
0.15	1.799553e-01	1.547125e-01
0.15	1.402195e-01	1.195993e-01
0.15	4.429104e-02	3.899625e-02
0.15	9.878338e-02	4.702175e-02
0.15	7.687786e-02	6.441435e-02
0.15	9.257189e-02	4.852076e-02
0.15	1.178214e-01	1.276923e-01
0.15	1.282588e-01	7.343286e-02
0.15	3.569553e-02	4.601740e-02
0.15	1.867676e-01	1.543003e-01
0.15	1.336714e-01	1.197023e-01
0.15	1.933833e-01	1.680044e-01
0.15	9.790387e-02	8.343418e-02
0.15	2.091492e-01	1.807983e-01
0.15	1.069162e-01	5.697417e-02
0.15	6.291026e-02	3.983793e-02
0.15	1.657706e-01	1.363366e-01
0.15	1.321549e-01	1.248786e-01
0.15	1.377013e-01	5.411069e-02
0.15	1.042699e-01	6.493432e-02
0.15	8.772791e-02	9.727841e-02
0.15	2.021732e-01	1.571984e-01
0.15	1.055609e-01	7.644769e-02
0.15	5.164039e-02	5.027071e-02
0.15	7.714878e-02	8.255616e-02
0.15	1.653239e-01	1.677501e-01
0.15	3.104402e-02	2.931311e-02
0.15	1.951117e-01	1.475387e-01
0.15	1.010649e-01	7.358701e-02
0.15	9.389817e-02	6.254934e-02
0.15	4.491416e-02	3.815714e-02
0.15	4.717635e-02	3.780032e-02
0.15	7.814287e-02	6.213557e-02
0.15	1.119426e-01	1.146412e-01
0.15	1.557029e-01	1.011577e-01
0.15	2.015110e-02	3.022623e-02
0.15	9.405060e-02	6.955860e-02
0.15	1.299981e-01	9.837256e-02
0.15	1.370748e-01	8.926209e-02
0.15	5.899540e-02	6.656676e-02
0.15	2.785659e-02	2.504214e-02
0.15	1.528136e-01	1.566522e-01
0.15	9.072158e-02	6.027451e-02
0.15	1.656697e-01	1.543282e-01
0.15	9.276804e-02	7.413002e-02
0.15	1.630592e-01	1.655710e-01
0.15	6.714018e-02	8.096901e-02
0.15	5.067913e-02	5.011136e-02
0.15	1.798532e-01	1.452157e-01
0.15	4.792052e-02	5.826956e-02
0.15	5.167306e-02	5.044147e-02
0.15	4.512648e-02	5.517561e-02
0.15	1.192975e-01	6.790102e-02
0.15	1.844158e-01	1.654606e-01
0.15	1.668348e-01	1.547049e-01
0.15	1.508139e-01	1.536492e-01
0.15	2.722845e-02	1.902666e-02
0.15	1.050896e-01	5.969461e-02
0.15	1.615269e-01	1.476328e-01
0.15	1.206260e-01	9.754050e-02
0.15	1.267915e-01	8.008660e-02
0.15	1.045228e-01	5.331171e-02
0.15	9.973479e-02	4.962463e-02
0.15	1.717020e-01	1.219261e-01
0.15	1.721715e-01	1.622168e-01
0.15	4.390220e-02	2.930431e-02
0.15	6.979807e-02	5.877740e-02
0.15	1.292504e-01	1.137163e-01
0.15	1.196503e-01	1.233584e-01
0.15	1.421307e-01	9.390499e-02
0.15	1.012581e-01	9.430267e-02
0.15	9.155163e-02	4.411964e-02
0.15	5.757823e-02	6.420151e-02
0.15	8.362536e-02	4.719265e-02
0.15	6.911431e-02	7.887261e-02
0.15	4.375702e-02	3.215617e-02
0.15	6.642005e-02	6.276990e-02
0.15	7.756557e-02	6.713615e-02
0.15	1.513473e-01	1.228586e-01
0.15	4.414661e-02	5.409507e-02
0.15	1.406051e-01	1.380421e-01
0.15	5.586520e-02	6.796103e-02
0.15	7.234779e-02	6.224568e-02
0.15	9.292026e-02	4.163491e-02
0.15	9.962042e-02	4.598282e-02
0.15	1.363425e-01	1.108435e-01
0.15	7.152516e-02	3.598401e-02
0.15	8.310257e-02	6.689071e-02
0.15	1.590825e-01	1.353752e-01
0.15	5.164863e-02	5.794747e-02
0.15	7.448716e-02	6.822810e-02
0.15	1.822111e-01	1.628596e-01
0.15	6.562243e-02	5.862307e-02
0.15	2.941974e-02	3.685750e-02
0.15	6.333713e-02	5.964390e-02
0.15	7.619832e-02	9.012846e-02
0.15	1.405000e-01	1.218924e-01
0.15	1.547691e-01	1.524054e-01
0.15	1.487961e-01	1.231580e-01
0.15	5.849913e-02	4.571146e-02
0.15	3.602041e-02	2.169553e-02
0.15	9.609396e-02	5.999658e-02
0.15	3.529505e-02	1.921189e-02
0.15	5.573728e-02	6.027208e-02
0.15	1.129228e-01	1.176825e-01
0.15	1.174421e-01	1.174938e-01
0.15	3.380983e-02	2.183080e-02
0.15	9.012096e-02	8.347764e-02
0.15	1.488677e-01	1.325399e-01
0.15	3.743406e-02	4.009395e-02
0.15	1.210367e-01	4.880174e-02
0.15	1.387252e-01	1.191984e-01
0.15	4.424606e-02	5.206210e-02
0.15	9.576977e-02	7.242498e-02
0.15	1.894066e-01	1.439643e-01
0.15	1.894043e-01	1.593012e-01
0.15	1.283300e-01	1.151657e-01
0.15	5.259711e-02	4.823153e-02
0.15	8.708572e-02	4.816563e-02
0.15	5.776379e-02	5.708961e-02
0.15	1.430679e-01	1.144658e-01
0.15	1.437185e-01	1.495293e-01
0.15	7.016448e-02	5.904022e-02
0.15	1.577304e-01	1.078613e-01
0.15	1.162086e-01	1.164782e-01
0.15	1.085865e-01	7.570609e-02
0.15	1.179306e-01	5.921734e-02
0.15	9.085662e-02	6.724823e-02
0.15	1.757129e-01	1.678184e-01
0.15	1.884935e-01	1.515862e-01
0.15	3.169829e-02	3.819174e-02
0.15	4.037399e-02	4.330556e-02
0.15	1.246006e-01	6.828160e-02
0.15	1.685720e-01	1.578503e-01
0.15	7.848266e-02	6.091954e-02
0.15	6.439141e-02	5.953011e-02
0.15	5.627208e-02	3.407956e-02
0.15	1.908522e-01	1.792744e-01
0.15	1.322993e-01	7.720436e-02
0.15	1.239296e-01	1.225851e-01
0.15	2.745119e-02	2.077469e-02
0.15	4.809343e-02	4.691645e-02
0.15	2.812201e-02	1.902549e-02
0.15	7.196175e-02	7.622087e-02
0.15	1.110047e-01	6.348225e-02
0.15	8.618640e-02	9.637644e-02
0.15	1.355984e-01	1.197396e-01
0.15	1.403666e-01	1.331879e-01
0.15	9.486569e-02	1.097727e-01
0.15	8.110958e-02	5.949785e-02
0.15	1.113129e-01	6.968327e-02
0.15	7.915510e-02	6.995480e-02
0.15	9.274936e-02	4.641330e-02
0.15	3.590495e-02	2.990826e-02
0.15	7.094072e-02	7.192521e-02
0.15	8.568022e-02	5.735564e-02
0.15	1.284834e-01	8.176816e-02
0.15	1.491908e-01	9.276227e-02
0.15	3.601704e-02	3.040649e-02
0.15	1.042662e-01	6.218758e-02
0.15	5.209616e-02	4.273954e-02
0.15	7.977942e-02	7.235844e-02
0.15	4.542040e-02	4.597107e-02
0.15	7.488516e-02	7.960425e-02
0.15	9.493442e-02	7.458090e-02
0.15	5.122479e-02	5.493589e-02
0.15	1.536223e-01	1.609512e-01
0.15	9.434222e-02	1.047558e-01
0.15	9.358868e-02	6.251757e-02
0.15	5.584020e-02	6.237294e-02
0.15	4.478325e-02	3.177393e-02
0.15	9.727552e-02	1.132859e-01
0.15	2.253385e-02	1.749638e-02
0.15	4.423324e-02	5.169139e-02
0.15	2.662450e-02	4.466670e-02
0.15	3.792285e-02	4.223140e-02
0.15	8.217005e-02	5.847808e-02
0.15	1.124350e-01	7.300083e-02
0.15	1.411100e-01	8.570499e-02
0.15	6.834369e-02	3.019554e-02
0.15	1.422160e-01	1.601162e-01
0.15	1.511307e-01	1.097120e-01
0.15	9.562110e-02	5.737590e-02
0.15	4.629205e-02	4.243260e-02
0.15	1.476552e-01	1.509673e-01
0.15	8.173777e-02	4.750382e-02
0.15	2.715307e-02	3.028724e-02
0.15	1.160246e-01	1.140140e-01
0.15	8.286615e-02	4.124500e-02
0.15	1.215007e-01	7.995578e-02
0.15	1.408834e-01	1.410800e-01
0.15	3.023723e-02	2.380561e-02
0.15	4.864999e-02	5.553164e-02
0.15	4.178966e-02	3.694197e-02
0.15	5.395302e-02	5.205716e-02
0.15	1.247024e-01	6.408310e-02
0.15	1.860653e-01	1.574942e-01
0.15	1.037173e-01	4.580711e-02
0.15	1.663653e-01	1.682369e-01
0.15	1.449928e-01	5.802170e-02
0.15	1.872694e-01	1.549196e-01
0.15	5.053795e-02	2.912029e-02
0.15	1.584725e-01	1.537460e-01
0.15	1.699997e-01	1.210361e-01
0.15	7.570539e-02	7.803706e-02
0.15	6.239811e-02	5.304856e-02
0.15	1.372293e-01	1.094585e-01
0.15	5.957349e-02	6.066020e-02
0.15	3.950782e-02	4.109985e-02
0.15	4.791800e-02	3.660850e-02
0.15	9.803180e-02	1.029951e-01
0.15	7.169446e-02	8.702579e-02
0.15	1.218527e-01	7.207692e-02
0.15	1.529900e-01	1.143438e-01
0.15	9.187530e-02	1.046568e-01
0.15	5.434461e-02	5.910873e-02
0.15	7.213735e-02	8.313831e-02
0.15	1.834325e-01	1.632302e-01
0.15	5.152174e-02	3.221750e-02
0.15	9.269446e-02	8.026946e-02
0.15	1.644508e-01	1.354993e-01
0.15	1.322688e-01	1.221581e-01
0.15	3.431299e-02	2.044217e-02
0.15	1.787240e-01	1.464533e-01
0.15	6.221951e-02	5.519370e-02
0.15	1.732121e-01	1.310248e-01
0.15	4.454555e-02	3.468932e-02
0.15	1.070991e-01	9.115184e-02
0.15	9.721856e-02	5.860876e-02
0.15	4.756221e-02	5.572684e-02
0.15	1.925931e-01	1.590825e-01
0.15	3.590991e-02	3.108462e-02
0.15	1.010484e-01	5.617211e-02
0.15	3.197594e-02	1.586677e-02
0.15	7.190679e-02	6.696697e-02
0.15	5.172109e-02	5.902653e-02
0.15	8.694717e-02	7.344591e-02
0.15	2.685340e-02	2.171675e-02
0.15	1.142152e-01	5.548694e-02
0.15	1.267826e-01	1.130997e-01
0.15	1.240735e-01	1.232586e-01
0.15	5.332327e-02	3.094499e-02
0.15	1.575298e-01	1.382117e-01
0.15	1.306518e-01	5.321190e-02
0.15	8.089715e-02	7.961522e-02
0.15	5.452383e-02	4.983364e-02
0.15	6.383670e-02	5.769771e-02
0.15	1.984191e-02	2.624978e-02
0.15	8.856367e-02	8.031989e-02
0.15	1.517191e-01	1.148798e-01
0.15	7.434375e-02	9.447015e-02
0.15	1.545659e-01	1.509283e-01
0.15	2.399282e-02	1.379841e-02
0.15	1.141082e-01	5.678293e-02
0.15	1.485117e-01	1.244832e-01
0.15	6.353279e-02	6.311902e-02
0.15	1.702347e-01	1.404683e-01
0.15	3.001074e-02	2.270674e-02
0.15	5.720525e-02	3.172736e-02
0.15	1.318392e-01	1.030152e-01
0.15	2.011902e-01	1.790792e-01
0.15	8.657190e-02	3.615614e-02
0.15	1.654198e-01	1.727873e-01
0.15	1.346235e-01	1.489599e-01
0.15	7.978743e-02	6.408151e-02
0.15	2.956369e-02	2.762068e-02
0.15	1.672395e-01	1.440882e-01
0.15	8.409824e-02	6.267158e-02
0.15	1.665369e-01	1.529884e-01
0.15	2.066396e-01	1.597038e-01
0.15	1.386045e-01	1.122306e-01
0.15	1.384090e-01	1.153668e-01
0.15	1.988773e-01	1.516076e-01
0.15	4.012519e-02	4.018352e-02
0.15	7.300898e-02	6.627415e-02
0.15	1.738028e-01	1.447905e-01
0.15	6.472127e-02	2.746955e-02
0.15	1.235351e-01	1.419808e-01
0.15	1.728778e-01	1.444083e-01
0.15	9.855118e-02	1.077943e-01
0.15	1.529314e-01	1.389481e-01
0.15	1.780369e-01	1.698360e-01
0.15	1.086140e-01	6.117074e-02
0.15	1.375888e-01	1.143941e-01
0.15	6.318586e-02	5.702510e-02
0.15	9.032628e-02	6.784967e-02
0.15	9.343982e-02	6.906306e-02
0.15	1.278335e-01	1.233159e-01
0.15	1.056112e-01	6.290446e-02
0.15	1.143255e-01	1.176968e-01
0.15	7.355753e-02	7.513051e-02
0.15	1.387359e-01	8.858003e-02
0.15	7.240678e-02	8.627082e-02
0.15	6.671951e-02	6.009665e-02
0.15	1.407877e-01	8.347925e-02
0.15	9.595281e-02	5.304715e-02
0.15	5.499241e-02	4.222087e-02
0.15	7.570866e-02	4.951574e-02
0.15	1.352549e-01	7.367062e-02
0.15	1.004572e-01	9.126208e-02
0.15	5.824989e-02	5.670960e-02
0.15	1.245156e-01	8.913022e-02
0.15	3.919770e-02	4.107460e-02
0.15	1.475805e-01	6.758904e-02
0.15	4.180900e-02	3.193838e-02
0.15	1.334346e-01	1.028109e-01
0.15	1.116448e-01	1.081798e-01
0.15	1.408729e-01	8.386777e-02
0.15	1.472603e-01	9.128858e-02
0.15	6.755744e-02	5.407268e-02
0.15	1.755866e-01	1.437081e-01
0.15	1.007978e-01	1.095435e-01
0.15	8.873896e-02	9.659075e-02
0.15	1.606801e-01	1.278018e-01
0.15	1.509621e-01	1.402045e-01
0.15	3.873572e-02	3.675954e-02
0.15	1.216991e-01	1.066272e-01
0.15	8.629335e-02	6.959784e-02
0.15	5.334136e-02	6.443637e-02
0.15	8.490716e-02	8.875959e-02
0.15	1.280743e-01	7.670903e-02
0.15	3.536342e-02	1.834770e-02
0.15	9.287427e-02	8.009015e-02
0.15	2.431329e-02	2.144235e-02
0.15	8.179266e-02	4.874622e-02
0.15	1.756775e-01	1.247836e-01
0.15	6.903012e-02	3.505799e-02
0.15	4.990711e-02	4.735854e-02
0.15	1.568039e-01	1.342415e-01
0.15	4.657114e-02	4.794471e-02
0.15	1.302511e-01	1.088825e-01
0.15	1.740590e-01	1.241505e-01
0.15	1.256158e-01	1.008351e-01
0.15	1.754149e-01	1.598524e-01
0.15	5.234775e-02	4.641157e-02
0.15	3.050979e-02	3.022005e-02
0.15	1.919171e-01	1.745386e-01
0.15	7.001508e-02	5.340418e-02
0.15	2.619659e-02	1.903065e-02
0.15	3.850796e-02	3.590736e-02
0.15	1.052055e-01	7.382657e-02
0.15	1.668276e-01	1.663703e-01
0.15	6.338760e-02	3.277162e-02
0.15	1.420980e-01	9.064618e-02
0.15	2.335529e-02	3.478506e-02
0.15	1.164286e-01	1.063425e-01
0.15	1.441444e-01	6.370878e-02
0.15	7.501926e-02	5.901977e-02
0.15	8.003781e-02	9.189884e-02
0.15	8.504688e-02	8.167418e-02
0.15	2.034973e-01	1.670095e-01
0.15	1.058892e-01	1.168906e-01
0.15	1.269306e-01	6.708312e-02
0.15	7.095602e-02	3.362929e-02
0.15	1.381802e-01	9.182962e-02
0.15	4.938108e-02	5.304597e-02
0.15	8.474512e-02	7.231367e-02
0.15	1.236307e-01	7.398640e-02
0.15	3.193394e-02	2.864751e-02
0.15	9.940880e-02	5.322835e-02
0.15	4.525333e-02	3.308751e-02
0.15	6.729331e-02	6.609967e-02
0.15	1.608637e-01	1.466440e-01
0.15	7.197951e-02	5.419538e-02
0.15	9.166529e-02	6.568227e-02
0.15	9.578500e-02	8.808672e-02
0.15	1.323639e-01	1.271581e-01
0.15	2.012021e-01	1.711730e-01
0.15	5.033018e-02	2.506118e-02
0.15	1.113948e-01	6.913247e-02
0.15	6.787807e-02	8.637424e-02
0.15	1.778239e-01	1.694554e-01
0.15	1.879879e-01	1.660969e-01
0.15	1.770492e-01	1.578182e-01
0.15	1.372347e-01	1.031218e-01
0.15	2.891346e-02	1.386608e-02
0.2	2.032758e-01	1.706577e-01
0.2	1.096662e-01	6.167111e-02
0.2	2.688237e-02	1.826047e-02
0.2	3.651688e-02	4.580816e-02
0.2	3.840525e-02	2.110308e-02
0.2	4.226244e-02	3.030289e-02
0.2	2.007040e-02	2.439619e-02
0.2	1.697532e-01	1.166477e-01
0.2	3.641375e-02	2.779079e-02
0.2	1.007181e-01	1.122423e-01
0.2	1.683433e-01	1.309866e-01
0.2	1.101069e-01	7.418964e-02
0.2	6.484863e-02	5.601430e-02
0.2	2.681881e-02	1.649502e-02
0.2	1.126989e-01	1.059739e-01
0.2	1.980165e-02	2.852628e-02
0.2	1.378107e-01	7.031900e-02
0.2	1.941203e-01	1.503989e-01
0.2	1.784622e-01	1.317242e-01
0.2	1.424902e-01	8.594220e-02
0.2	6.360629e-02	4.180211e-02
0.2	1.452875e-01	6.723255e-02
0.2	1.367512e-01	8.449972e-02
0.2	9.099974e-02	6.972348e-02
0.2	3.497611e-02	2.134024e-02
0.2	9.659827e-02	5.908973e-02
0.2	6.815448e-02	7.330433e-02
0.2	1.461326e-01	1.206674e-01
0.2	4.013883e-02	2.473420e-02
0.2	1.481397e-01	9.158833e-02
0.2	1.322655e-01	8.363204e-02
0.2	1.414658e-01	5.529583e-02
0.2	8.576482e-02	8.956097e-02
0.2	1.664347e-01	1.544751e-01
0.2	1.362407e-01	6.596656e-02
0.2	9.720450e-02	7.991503e-02
0.2	5.579507e-02	4.388211e-02
0.2	8.234746e-02	7.728884e-02
0.2	1.043042e-01	5.523090e-02
0.2	1.755586e-01	1.263415e-01
0.2	4.527902e-02	5.879314e-02
0.2	1.662385e-01	1.655136e-01
0.2	3.901936e-02	3.508856e-02
0.2	7.906992e-02	5.420024e-02
0.2	1.956990e-01	1.677577e-01
0.2	1.272299e-01	1.355648e-01
0.2	1.321180e-01	1.034765e-01
0.2	1.523406e-01	1.175432e-01
0.2	1.462871e-01	1.494021e-01
0.2	6.808889e-02	4.568375e-02
0.2	1.909183e-01	1.521103e-01
0.2	8.930464e-02	9.928551e-02
0.2	1.558305e-01	1.537435e-01
0.2	9.238206e-02	4.103775e-02
0.2	1.485049e-01	9.934853e-02
0.2	1.287423e-01	7.537256e-02
0.2	1.789852e-01	1.317134e-01
0.2	1.301870e-01	1.294478e-01
0.2	1.642822e-01	1.365165e-01
0.2	1.111614e-01	1.068195e-01
0.2	5.271174e-02	5.238624e-02
0.2	8.457729e-02	8.108224e-02
0.2	1.098079e-01	8.658406e-02
0.2	7.722338e-02	6.991006e-02
0.2	1.719287e-01	1.603082e-01
0.2	1.631393e-01	1.239713e-01
0.2	2.921184e-02	2.790503e-02
0.2	1.267502e-01	7.439253e-02
0.2	9.477533e-02	6.481366e-02
0.2	1.002331e-01	5.455965e-02
0.2	1.055148e-01	8.927516e-02
0.2	1.269759e-01	6.427372e-02
0.2	2.823233e-02	2.677194e-02
0.2	3.891560e-02	2.114867e-02
0.2	6.031846e-02	7.842733e-02
0.2	6.214315e-02	4.406722e-02
0.2	8.297728e-02	8.659363e-02
0.2	1.272369e-01	9.526719e-02
0.2	1.657774e-01	1.433919e-01
0.2	2.124503e-01	1.755616e-01
0.2	1.194318e-01	6.758031e-02
0.2	1.237051e-01	6.396961e-02
0.2	1.513696e-01	1.147680e-01
0.2	4.848355e-02	5.966007e-02
0.2	1.060588e-01	1.180871e-01
0.2	6.287489e-02	5.888058e-02
0.2	9.802514e-02	4.980391e-02
0.2	6.364006e-02	3.396819e-02
0.2	1.770359e-01	1.739891e-01
0.2	1.386943e-01	9.837636e-02
0.2	1.036041e-01	1.003591e-01
0.2	6.761255e-02	7.265682e-02
0.2	6.968067e-02	6.143255e-02
0.2	1.768152e-01	1.617683e-01
0.2	8.034466e-02	9.442911e-02
0.2	1.396855e-01	1.220002e-01
0.2	1.103185e-01	7.011023e-02
0.2	1.916268e-01	1.715282e-01
0.2	5.520271e-02	6.472699e-02
0.2	1.512157e-01	1.523032e-01
0.2	1.185651e-01	1.258268e-01
0.2	1.791683e-01	1.535320e-01
0.2	8.494999e-02	6.551383e-02
0.2	4.302133e-02	4.606869e-02
0.2	1.202444e-01	1.295734e-01
0.2	1.326895e-01	6.725892e-02
0.2	1.736685e-01	1.442487e-01
0.2	1.423108e-01	1.309198e-01
0.2	8.056945e-02	6.581464e-02
0.2	1.542580e-01	1.462464e-01
0.2	1.577917e-01	1.060916e-01
0.2	1.122189e-01	9.422315e-02
0.2	1.498063e-01	9.577197e-02
0.2	9.537364e-02	8.848287e-02
0.2	1.159448e-01	6.999133e-02
0.2	9.603617e-02	8.690509e-02
0.2	4.126510e-02	3.304767e-02
0.2	1.547185e-01	1.383531e-01
0.2	1.034490e-01	5.929743e-02
0.2	1.421215e-01	1.167964e-01
0.2	8.272786e-02	7.519978e-02
0.2	1.219192e-01	8.117304e-02
0.2	3.685236e-02	2.904214e-02
0.2	1.328992e-01	5.164668e-02
0.2	1.647316e-01	1.098678e-01
0.2	4.066625e-02	4.267045e-02
0.2	1.226772e-01	7.786584e-02
0.2	1.356340e-01	1.244235e-01
0.2	1.245349e-01	7.934361e-02
0.2	1.378775e-01	1.219965e-01
0.2	5.025385e-02	3.359769e-02
0.2	9.963464e-02	6.847595e-02
0.2	6.536529e-02	5.434556e-02
0.2	1.333428e-01	1.207860e-01
0.2	1.146697e-01	8.246586e-02
0.2	6.652697e-02	6.615293e-02
0.2	1.320850e-01	9.617207e-02
0.2	1.328397e-01	8.272998e-02
0.2	2.075734e-01	1.592891e-01
0.2	1.220177e-01	7.933420e-02
0.2	3.461064e-02	2.798299e-02
0.2	1.362906e-01	1.185033e-01
0.2	3.006025e-02	1.883400e-02
0.2	4.442423e-02	3.538688e-02
0.2	4.161254e-02	4.085874e-02
0.2	4.013584e-02	4.011509e-02
0.2	1.349562e-01	1.207430e-01
0.2	1.106065e-01	8.311588e-02
0.2	7.019939e-02	7.302078e-02
0.2	1.158384e-01	6.148727e-02
0.2	1.033535e-01	1.156730e-01
0.2	7.500107e-02	9.482620e-02
0.2	2.075714e-01	1.622280e-01
0.2	1.503004e-01	1.277451e-01
0.2	1.589822e-01	1.466268e-01
0.2	4.186916e-02	3.923805e-02
0.2	1.116411e-01	8.777424e-02
0.2	1.267796e-01	7.145417e-02
0.2	1.496646e-01	1.041509e-01
0.2	7.274579e-02	7.947214e-02
0.2	6.578571e-02	7.044864e-02
0.2	8.986952e-02	5.685883e-02
0.2	1.356001e-01	8.679820e-02
0.2	1.959156e-01	1.590007e-01
0.2	1.194521e-01	6.523882e-02
0.2	5.715121e-02	5.921495e-02
0.2	9.422727e-02	4.422735e-02
0.2	7.452947e-02	8.653748e-02
0.2	1.181721e-01	1.152045e-01
0.2	3.744714e-02	2.972187e-02
0.2	5.693255e-02	3.187006e-02
0.2	1.783106e-01	1.589819e-01
0.2	1.143042e-01	1.031279e-01
0.2	3.025053e-02	2.344431e-02
0.2	1.072769e-01	9.671538e-02
0.2	1.018601e-01	7.339241e-02
0.2	2.703685e-02	1.030248e-02
0.2	1.195305e-01	6.538414e-02
0.2	1.066370e-01	8.968994e-02
0.2	1.298576e-01	1.253997e-01
0.2	1.367082e-01	1.036179e-01
0.2	1.231579e-01	9.594215e-02
0.2	8.730037e-02	9.965586e-02
0.2	3.034647e-02	2.302134e-02
0.2	2.822904e-02	1.989509e-02
0.2	1.637044e-01	1.523384e-01
0.2	1.223494e-01	1.236357e-01
0.2	5.554319e-02	6.579296e-02
0.2	3.688506e-02	3.489167e-02
0.2	9.077351e-02	5.603757e-02
0.2	1.943719e-01	1.599099e-01
0.2	7.629091e-02	6.313215e-02
0.2	6.128354e-02	4.251959e-02
0.2	4.452127e-02	4.011456e-02
0.2	2.352981e-02	1.067998e-02
0.2	1.493071e-01	1.021533e-01
0.2	1.625894e-01	1.577266e-01
0.2	1.421267e-01	9.869336e-02
0.2	1.110666e-01	9.289565e-02
0.2	3.400052e-02	2.282902e-02
0.2	1.012496e-01	7.591169e-02
0.2	1.408430e-01	1.004838e-01
0.2	1.291156e-01	7.191338e-02
0.2	3.221923e-02	2.674818e-02
0.2	1.703138e-01	1.188126e-01
0.2	8.996993e-02	5.432458e-02
0.2	3.173003e-02	3.554553e-02
0.2	4.467491e-02	3.687863e-02
0.2	1.678185e-01	1.436272e-01
0.2	4.003893e-02	3.416428e-02
0.2	1.199416e-01	1.105889e-01
0.2	1.665036e-01	1.692432e-01
0.2	3.848233e-02	4.196488e-02
0.2	5.810461e-02	6.075483e-02
0.2	1.218145e-01	1.411620e-01
0.2	7.376642e-02	7.415278e-02
0.2	1.728993e-01	1.327559e-01
0.2	9.791852e-02	9.612155e-02
0.2	9.612432e-02	8.010931e-02
0.2	7.640486e-02	7.138094e-02
0.2	1.376880e-01	6.387156e-02
0.2	7.629370e-02	5.253978e-02
0.2	1.286590e-01	1.283035e-01
0.2	2.086273e-01	1.635663e-01
0.2	2.969540e-02	2.424969e-02
0.2	3.452170e-02	1.925980e-02
0.2	1.361704e-01	1.278394e-01
0.2	1.105495e-01	7.454175e-02
0.2	1.748813e-01	1.402984e-01
0.2	3.748805e-02	3.989407e-02
0.2	8.562003e-02	4.495853e-02
0.2	1.059870e-01	6.958480e-02
0.2	1.221623e-01	1.143609e-01
0.2	8.322978e-02	5.688906e-02
0.2	1.294750e-01	7.198210e-02
0.2	6.022919e-02	5.138669e-02
0.2	4.479741e-02	4.762263e-02
0.2	1.626294e-01	1.349517e-01
0.2	6.013771e-02	4.780772e-02
0.2	1.809417e-01	1.622791e-01
0.2	1.182238e-01	1.292500e-01
0.2	6.515968e-02	3.149968e-02
0.2	1.555048e-01	1.235581e-01
0.2	1.015760e-01	5.658833e-02
0.2	5.929764e-02	5.213974e-02
0.2	4.863279e-02	3.573510e-02
0.2	5.866881e-02	5.923779e-02
0.2	9.841428e-02	7.240841e-02
0.2	4.642592e-02	5.510936e-02
0.2	8.993816e-02	7.395769e-02
0.2	5.457627e-02	5.647022e-02
0.2	4.703256e-02	4.709034e-02
0.2	1.643061e-01	1.136872e-01
0.2	4.915177e-02	6.030166e-02
0.2	1.560477e-01	1.593659e-01
0.2	6.845360e-02	4.991638e-02
0.2	8.354558e-02	6.209928e-02
0.2	1.044529e-01	9.337892e-02
0.2	1.181775e-01	7.911170e-02
0.2	1.890713e-01	1.458976e-01
0.2	1.219643e-01	6.194294e-02
0.2	5.255500e-02	5.130305e-02
0.2	2.932586e-02	1.820564e-02
0.2	3.370934e-02	3.924343e-02
0.2	4.155828e-02	3.620710e-02
0.2	7.481232e-02	7.716142e-02
0.2	1.048579e-01	5.425728e-02
0.2	3.752503e-02	3.928043e-02
0.2	5.590106e-02	6.179974e-02
0.2	6.259082e-02	6.821962e-02
0.2	1.162536e-01	1.127701e-01
0.2	1.329793e-01	6.760664e-02
0.2	2.815101e-02	2.680921e-02
0.2	1.540424e-01	8.308761e-02
0.2	5.269675e-02	6.827579e-02
0.2	7.099564e-02	6.656828e-02
0.2	4.288091e-02	3.263239e-02
0.2	1.902266e-01	1.332498e-01
0.2	1.705810e-01	1.453981e-01
0.2	1.498532e-01	1.076357e-01
0.2	1.244538e-01	9.701273e-02
0.2	4.096165e-02	4.238170e-02
0.2	1.058964e-01	1.148165e-01
0.2	3.631759e-02	2.901598e-02
0.2	2.928265e-02	9.482277e-03
0.2	1.480389e-01	1.337815e-01
0.2	8.609341e-02	1.015426e-01
0.2	4.671388e-02	4.624231e-02
0.2	1.365523e-01	1.002195e-01
0.2	8.492030e-02	5.646998e-02
0.2	1.552518e-01	1.267300e-01
0.2	1.291911e-01	1.159248e-01
0.2	1.042838e-01	6.150049e-02
0.2	1.024782e-01	8.888349e-02
0.2	8.122315e-02	9.949189e-02
0.2	1.438765e-01	1.009380e-01
0.2	1.811741e-01	1.607064e-01
0.2	2.171602e-02	2.338932e-02
0.2	8.439283e-02	4.201893e-02
0.2	1.742498e-01	1.210059e-01
0.2	4.526098e-02	4.236589e-02
0.2	1.641060e-01	1.284403e-01
0.2	5.315200e-02	5.243110e-02
0.2	8.658067e-02	6.629864e-02
0.2	5.990995e-02	6.356542e-02
0.2	1.096226e-01	8.228056e-02
0.2	1.349325e-01	1.325701e-01
0.2	1.984762e-01	1.483437e-01
0.2	1.017008e-01	1.094641e-01
0.2	1.252813e-01	1.071130e-01
0.2	1.491784e-01	9.537974e-02
0.2	1.168909e-01	9.143460e-02
0.2	3.090029e-02	3.205055e-02
0.2	4.523751e-02	2.857890e-02
0.2	1.737882e-01	1.219151e-01
0.2	1.295652e-01	8.686132e-02
0.2	9.525351e-02	4.786558e-02
0.2	1.199294e-01	7.296379e-02
0.2	1.425975e-01	1.348164e-01
0.2	1.387941e-01	8.030296e-02
0.2	1.011271e-01	1.029215e-01
0.2	7.108829e-02	8.325087e-02
0.2	9.787728e-02	1.110283e-01
0.2	5.608567e-02	3.014230e-02
0.2	7.145834e-02	7.126428e-02
0.2	2.395478e-02	1.292969e-02
0.2	3.491585e-02	4.000493e-02
0.2	7.653621e-02	7.953197e-02
0.2	6.745582e-02	6.400547e-02
0.2	2.086020e-02	1.570921e-02
0.2	1.177328e-01	6.374893e-02
0.2	7.778066e-02	4.269689e-02
0.2	9.937538e-02	7.223409e-02
0.2	7.426611e-02	7.893740e-02
0.2	3.452514e-02	3.691930e-02
0.2	1.813993e-01	1.302317e-01
0.2	1.704141e-01	1.705991e-01
0.2	4.945384e-02	5.026442e-02
0.2	1.050332e-01	6.007744e-02
0.2	9.727240e-02	6.841970e-02
0.2	1.079019e-01	5.462201e-02
0.2	6.426967e-02	6.481841e-02
0.2	1.755542e-01	1.310808e-01
0.2	1.891090e-01	1.534454e-01
0.2	1.587482e-01	1.442059e-01
0.2	1.152029e-01	1.137436e-01
0.2	1.575830e-01	1.296995e-01
0.2	5.682323e-02	6.732264e-02
0.2	7.998277e-02	6.919840e-02
0.2	1.609920e-01	1.588558e-01
0.2	1.618864e-01	1.196376e-01
0.2	8.948343e-02	5.295318e-02
0.2	4.430616e-02	5.484555e-02
0.2	1.332257e-01	8.299464e-02
0.2	4.262859e-02	4.820414e-02
0.2	1.141997e-01	1.236882e-01
0.2	3.126124e-02	2.705309e-02
0.2	2.111202e-01	1.772129e-01
0.2	6.212431e-02	5.219041e-02
0.2	4.664095e-02	6.193103e-02
0.2	3.275573e-02	2.270467e-02
0.2	1.316522e-01	7.195994e-02
0.2	1.055402e-01	4.171403e-02
0.2	1.949045e-01	1.593423e-01
0.2	1.614888e-01	1.237710e-01
0.2	1.811618e-01	1.285576e-01
0.2	5.891831e-02	5.736970e-02
0.2	1.390166e-01	1.129801e-01
0.2	5.128013e-02	5.070978e-02
0.2	1.565432e-01	1.662918e-01
0.2	3.456339e-02	3.853761e-02
0.2	1.422915e-01	1.185704e-01
0.2	4.135395e-02	3.884737e-02
0.2	7.259882e-02	5.676294e-02
0.2	3.265167e-02	1.785548e-02
0.2	1.067108e-01	1.193959e-01
0.2	1.011998e-01	1.062193e-01
0.2	4.967306e-02	4.594851e-02
0.2	9.365492e-02	5.391415e-02
0.2	6.018578e-02	5.530375e-02
0.2	6.267910e-02	5.036063e-02
0.2	5.965201e-02	5.985021e-02
0.2	8.504061e-02	9.421452e-02
0.2	5.659170e-02	4.361202e-02
0.2	9.637014e-02	4.117450e-02
0.2	2.046924e-02	1.903571e-02
0.2	7.237917e-02	8.144819e-02
0.2	1.030456e-01	1.279090e-01
0.2	1.234439e-01	5.651374e-02
0.2	7.471524e-02	5.743141e-02
0.2	3.911478e-02	3.546713e-02
0.2	5.641969e-02	5.818131e-02
0.2	1.281013e-01	1.252250e-01
0.2	2.111474e-01	1.573058e-01
0.2	1.723127e-01	1.506270e-01
0.2	9.410669e-02	9.396461e-02
0.2	1.605392e-01	1.484926e-01
0.2	9.047956e-02	9.302901e-02
0.2	2.297067e-02	7.427908e-03
0.2	1.254767e-01	1.046410e-01
